,Rank,NOC,Gold,Silver,Bronze,Total,Year,Past_Gold,Past_Silver,Past_Bronze,Past_Total
0,1,USA,11,7,2,20,1896,,,,
1,2,GRE,10,18,19,47,1896,,,,
2,3,GER,6,5,2,13,1896,,,,
3,4,FRA,5,4,2,11,1896,,,,
4,5,GBR,2,3,2,7,1896,,,,
5,6,HUN,2,1,3,6,1896,,,,
6,7,AUT,2,1,2,5,1896,,,,
7,8,AUS,2,0,0,2,1896,,,,
8,9,DEN,1,2,3,6,1896,,,,
9,10,SUI,1,2,0,3,1896,,,,
10,1,FRA,27,39,37,103,1900,5.0,4.0,2.0,11.0
11,2,USA,19,14,15,48,1900,11.0,7.0,2.0,20.0
12,3,GBR,15,7,9,31,1900,2.0,3.0,2.0,7.0
13,5,BEL,6,7,4,17,1900,,,,
14,6,SUI,6,2,1,9,1900,1.0,2.0,0.0,3.0
15,7,GER,4,3,2,9,1900,6.0,5.0,2.0,13.0
16,8,ITA,3,2,0,5,1900,,,,
17,9,AUS,2,0,3,5,1900,2.0,0.0,0.0,2.0
18,10,DEN,1,3,2,6,1900,1.0,2.0,3.0,6.0
19,11,HUN,1,2,2,5,1900,2.0,1.0,3.0,6.0
20,12,CUB,1,1,0,2,1900,,,,
21,13,CAN,1,0,1,2,1900,,,,
22,14,ESP,1,0,0,1,1900,,,,
23,14,LUX,1,0,0,1,1900,,,,
24,16,AUT,0,3,3,6,1900,2.0,1.0,2.0,5.0
25,17,NED,0,2,3,5,1900,,,,
26,17,NOR,0,2,3,5,1900,,,,
27,19,IND,0,2,0,2,1900,,,,
28,20,BOH,0,1,1,2,1900,,,,
29,21,SWE,0,0,1,1,1900,,,,
30,1,USA,76,78,77,231,1904,19.0,14.0,15.0,48.0
31,2,GER,4,5,6,15,1904,4.0,3.0,2.0,9.0
32,3,CAN,4,1,1,6,1904,1.0,0.0,1.0,2.0
33,4,CUB,3,0,0,3,1904,1.0,1.0,0.0,2.0
34,5,HUN,2,1,1,4,1904,1.0,2.0,2.0,5.0
35,7,NOR,2,0,0,2,1904,0.0,2.0,3.0,5.0
36,8,AUT,1,1,1,3,1904,0.0,3.0,3.0,6.0
37,9,GBR,1,1,0,2,1904,15.0,7.0,9.0,31.0
38,10,SUI,1,0,2,3,1904,6.0,2.0,1.0,9.0
39,11,GRE,1,0,1,2,1904,10.0,18.0,19.0,47.0
40,12,AUS,0,3,1,4,1904,2.0,0.0,3.0,5.0
41,13,FRA,0,1,0,1,1904,27.0,39.0,37.0,103.0
42,1,GBR,56,51,39,146,1908,1.0,1.0,0.0,2.0
43,2,USA,23,12,12,47,1908,76.0,78.0,77.0,231.0
44,3,SWE,8,6,11,25,1908,0.0,0.0,1.0,1.0
45,4,FRA,5,5,9,19,1908,0.0,1.0,0.0,1.0
46,5,GER,3,5,5,13,1908,4.0,5.0,6.0,15.0
47,6,HUN,3,4,2,9,1908,2.0,1.0,1.0,4.0
48,7,CAN,3,3,10,16,1908,4.0,1.0,1.0,6.0
49,8,NOR,2,3,3,8,1908,2.0,0.0,0.0,2.0
50,9,ITA,2,2,0,4,1908,3.0,2.0,0.0,5.0
51,10,BEL,1,5,2,8,1908,6.0,7.0,4.0,17.0
52,11,ANZ,1,2,2,5,1908,,,,
53,12,RUS,1,2,0,3,1908,,,,
54,13,FIN,1,1,3,5,1908,,,,
55,14,RSA,1,1,0,2,1908,,,,
56,15,GRE,0,3,1,4,1908,1.0,0.0,1.0,2.0
57,16,DEN,0,2,3,5,1908,1.0,3.0,2.0,6.0
58,17,BOH,0,0,2,2,1908,0.0,1.0,1.0,2.0
59,17,NED,0,0,2,2,1908,0.0,2.0,3.0,5.0
60,19,AUT,0,0,1,1,1908,1.0,1.0,1.0,3.0
61,1,USA,26,19,19,64,1912,23.0,12.0,12.0,47.0
62,2,SWE,23,25,17,65,1912,8.0,6.0,11.0,25.0
63,3,GBR,10,15,16,41,1912,56.0,51.0,39.0,146.0
64,4,FIN,9,8,9,26,1912,1.0,1.0,3.0,5.0
65,5,FRA,7,4,3,14,1912,5.0,5.0,9.0,19.0
66,6,GER,5,13,7,25,1912,3.0,5.0,5.0,13.0
67,7,RSA,4,2,0,6,1912,1.0,1.0,0.0,2.0
68,8,NOR,3,2,5,10,1912,2.0,3.0,3.0,8.0
69,9,CAN,3,2,3,8,1912,3.0,3.0,10.0,16.0
70,9,HUN,3,2,3,8,1912,3.0,4.0,2.0,9.0
71,11,ITA,3,1,2,6,1912,2.0,2.0,0.0,4.0
72,12,ANZ,2,2,3,7,1912,1.0,2.0,2.0,5.0
73,13,BEL,2,1,3,6,1912,1.0,5.0,2.0,8.0
74,14,DEN,1,6,5,12,1912,0.0,2.0,3.0,5.0
75,15,GRE,1,0,1,2,1912,0.0,3.0,1.0,4.0
76,16,RUS,0,2,3,5,1912,1.0,2.0,0.0,3.0
77,17,AUT,0,2,2,4,1912,0.0,0.0,1.0,1.0
78,18,NED,0,0,3,3,1912,0.0,0.0,2.0,2.0
79,1,USA,41,27,27,95,1920,26.0,19.0,19.0,64.0
80,2,SWE,19,20,25,64,1920,23.0,25.0,17.0,65.0
81,3,FIN,15,10,9,34,1920,9.0,8.0,9.0,26.0
82,4,GBR,14,15,13,42,1920,10.0,15.0,16.0,41.0
83,5,BEL,14,11,11,36,1920,2.0,1.0,3.0,6.0
84,6,NOR,13,9,9,31,1920,3.0,2.0,5.0,10.0
85,7,ITA,13,5,5,23,1920,3.0,1.0,2.0,6.0
86,8,FRA,9,19,13,41,1920,7.0,4.0,3.0,14.0
87,9,NED,4,2,5,11,1920,0.0,0.0,3.0,3.0
88,10,DEN,3,9,1,13,1920,1.0,6.0,5.0,12.0
89,11,RSA,3,4,3,10,1920,4.0,2.0,0.0,6.0
90,12,CAN,3,3,3,9,1920,3.0,2.0,3.0,8.0
91,13,SUI,2,2,7,11,1920,1.0,0.0,2.0,3.0
92,14,EST,1,2,0,3,1920,,,,
93,15,BRA,1,1,1,3,1920,,,,
94,16,AUS,0,2,1,3,1920,0.0,3.0,1.0,4.0
95,17,ESP,0,2,0,2,1920,1.0,0.0,0.0,1.0
96,17,JPN,0,2,0,2,1920,,,,
97,19,GRE,0,1,0,1,1920,1.0,0.0,1.0,2.0
98,19,LUX,0,1,0,1,1920,1.0,0.0,0.0,1.0
99,21,TCH,0,0,2,2,1920,,,,
100,22,NZL,0,0,1,1,1920,,,,
101,1,USA,45,27,27,99,1924,41.0,27.0,27.0,95.0
102,2,FIN,14,13,10,37,1924,15.0,10.0,9.0,34.0
103,3,FRA,13,15,10,38,1924,9.0,19.0,13.0,41.0
104,4,GBR,9,13,12,34,1924,14.0,15.0,13.0,42.0
105,5,ITA,8,3,5,16,1924,13.0,5.0,5.0,23.0
106,6,SUI,7,8,10,25,1924,2.0,2.0,7.0,11.0
107,7,NOR,5,2,3,10,1924,13.0,9.0,9.0,31.0
108,8,SWE,4,13,12,29,1924,19.0,20.0,25.0,64.0
109,9,NED,4,1,5,10,1924,4.0,2.0,5.0,11.0
110,10,BEL,3,7,3,13,1924,14.0,11.0,11.0,36.0
111,11,AUS,3,1,2,6,1924,0.0,2.0,1.0,3.0
112,12,DEN,2,5,2,9,1924,3.0,9.0,1.0,13.0
113,13,HUN,2,3,4,9,1924,3.0,2.0,3.0,8.0
114,14,YUG,2,0,0,2,1924,,,,
115,15,TCH,1,4,5,10,1924,0.0,0.0,2.0,2.0
116,16,ARG,1,3,2,6,1924,,,,
117,17,EST,1,1,4,6,1924,1.0,2.0,0.0,3.0
118,18,RSA,1,1,1,3,1924,3.0,4.0,3.0,10.0
119,19,URU,1,0,0,1,1924,,,,
120,20,AUT,0,3,1,4,1924,0.0,2.0,2.0,4.0
121,20,CAN,0,3,1,4,1924,3.0,3.0,3.0,9.0
122,22,POL,0,1,1,2,1924,,,,
123,23,HAI,0,0,1,1,1924,,,,
124,23,JPN,0,0,1,1,1924,0.0,2.0,0.0,2.0
125,23,NZL,0,0,1,1,1924,0.0,0.0,1.0,1.0
126,23,POR,0,0,1,1,1924,,,,
127,23,ROU,0,0,1,1,1924,,,,
128,1,USA,22,18,16,56,1928,45.0,27.0,27.0,99.0
129,2,GER,10,7,14,31,1928,5.0,13.0,7.0,25.0
130,3,FIN,8,8,9,25,1928,14.0,13.0,10.0,37.0
131,4,SWE,7,6,12,25,1928,4.0,13.0,12.0,29.0
132,5,ITA,7,5,7,19,1928,8.0,3.0,5.0,16.0
133,6,SUI,7,4,4,15,1928,7.0,8.0,10.0,25.0
134,7,FRA,6,10,5,21,1928,13.0,15.0,10.0,38.0
135,8,NED,6,9,4,19,1928,4.0,1.0,5.0,10.0
136,9,HUN,4,5,0,9,1928,2.0,3.0,4.0,9.0
137,10,CAN,4,4,7,15,1928,0.0,3.0,1.0,4.0
138,11,GBR,3,10,7,20,1928,9.0,13.0,12.0,34.0
139,12,ARG,3,3,1,7,1928,1.0,3.0,2.0,6.0
140,13,DEN,3,1,2,6,1928,2.0,5.0,2.0,9.0
141,14,TCH,2,5,2,9,1928,1.0,4.0,5.0,10.0
142,15,JPN,2,2,1,5,1928,0.0,0.0,1.0,1.0
143,16,EST,2,1,2,5,1928,1.0,1.0,4.0,6.0
144,17,EGY,2,1,1,4,1928,,,,
145,18,AUT,2,0,1,3,1928,0.0,3.0,1.0,4.0
146,19,AUS,1,2,1,4,1928,3.0,1.0,2.0,6.0
147,19,NOR,1,2,1,4,1928,5.0,2.0,3.0,10.0
148,21,POL,1,1,3,5,1928,0.0,1.0,1.0,2.0
149,21,YUG,1,1,3,5,1928,2.0,0.0,0.0,2.0
150,23,RSA,1,0,2,3,1928,1.0,1.0,1.0,3.0
151,24,ESP,1,0,0,1,1928,0.0,2.0,0.0,2.0
152,24,IND,1,0,0,1,1928,0.0,2.0,0.0,2.0
153,24,IRL,1,0,0,1,1928,,,,
154,24,NZL,1,0,0,1,1928,0.0,0.0,1.0,1.0
155,24,URU,1,0,0,1,1928,1.0,0.0,0.0,1.0
156,29,BEL,0,1,2,3,1928,3.0,7.0,3.0,13.0
157,30,CHI,0,1,0,1,1928,,,,
158,30,HAI,0,1,0,1,1928,0.0,0.0,1.0,1.0
159,32,PHI,0,0,1,1,1928,,,,
160,32,POR,0,0,1,1,1928,0.0,0.0,1.0,1.0
161,1,USA,44,36,30,110,1932,22.0,18.0,16.0,56.0
162,2,ITA,12,12,12,36,1932,7.0,5.0,7.0,19.0
163,3,FRA,11,5,4,20,1932,6.0,10.0,5.0,21.0
164,4,SWE,10,5,9,24,1932,7.0,6.0,12.0,25.0
165,5,JPN,7,7,4,18,1932,2.0,2.0,1.0,5.0
166,6,HUN,6,5,5,16,1932,4.0,5.0,0.0,9.0
167,7,GER,5,12,7,24,1932,10.0,7.0,14.0,31.0
168,8,FIN,5,8,12,25,1932,8.0,8.0,9.0,25.0
169,9,GBR,5,7,5,17,1932,3.0,10.0,7.0,20.0
170,10,POL,3,2,4,9,1932,1.0,1.0,3.0,5.0
171,11,AUS,3,1,1,5,1932,1.0,2.0,1.0,4.0
172,12,ARG,3,1,0,4,1932,3.0,3.0,1.0,7.0
173,13,CAN,2,5,9,16,1932,4.0,4.0,7.0,15.0
174,14,NED,2,5,1,8,1932,6.0,9.0,4.0,19.0
175,15,RSA,2,0,3,5,1932,1.0,0.0,2.0,3.0
176,16,IRL,2,0,0,2,1932,1.0,0.0,0.0,1.0
177,17,TCH,1,3,2,6,1932,2.0,5.0,2.0,9.0
178,18,AUT,1,1,3,5,1932,2.0,0.0,1.0,3.0
179,19,IND,1,0,0,1,1932,1.0,0.0,0.0,1.0
180,20,DEN,0,5,3,8,1932,3.0,1.0,2.0,6.0
181,21,MEX,0,2,0,2,1932,,,,
182,22,LAT,0,1,0,1,1932,,,,
183,22,NZL,0,1,0,1,1932,1.0,0.0,0.0,1.0
184,22,SUI,0,1,0,1,1932,7.0,4.0,4.0,15.0
185,25,PHI,0,0,3,3,1932,0.0,0.0,1.0,1.0
186,26,BEL,0,0,1,1,1932,0.0,1.0,2.0,3.0
187,26,ESP,0,0,1,1,1932,1.0,0.0,0.0,1.0
188,26,URU,0,0,1,1,1932,1.0,0.0,0.0,1.0
189,1,GER,38,31,32,101,1936,5.0,12.0,7.0,24.0
190,2,USA,24,21,12,57,1936,44.0,36.0,30.0,110.0
191,3,HUN,10,1,5,16,1936,6.0,5.0,5.0,16.0
192,4,ITA,9,13,5,27,1936,12.0,12.0,12.0,36.0
193,5,FIN,8,6,6,20,1936,5.0,8.0,12.0,25.0
194,6,FRA,7,6,6,19,1936,11.0,5.0,4.0,20.0
195,7,SWE,6,5,10,21,1936,10.0,5.0,9.0,24.0
196,8,JPN,6,4,10,20,1936,7.0,7.0,4.0,18.0
197,9,NED,6,4,7,17,1936,2.0,5.0,1.0,8.0
198,10,AUT,5,7,5,17,1936,1.0,1.0,3.0,5.0
199,11,SUI,4,9,5,18,1936,0.0,1.0,0.0,1.0
200,12,GBR,4,7,3,14,1936,5.0,7.0,5.0,17.0
201,13,TCH,3,5,1,9,1936,1.0,3.0,2.0,6.0
202,14,ARG,2,2,3,7,1936,3.0,1.0,0.0,4.0
203,14,EST,2,2,3,7,1936,2.0,1.0,2.0,5.0
204,16,EGY,2,1,2,5,1936,2.0,1.0,1.0,4.0
205,17,CAN,1,3,5,9,1936,2.0,5.0,9.0,16.0
206,18,NOR,1,3,2,6,1936,1.0,2.0,1.0,4.0
207,19,TUR,1,0,1,2,1936,,,,
208,20,IND,1,0,0,1,1936,1.0,0.0,0.0,1.0
209,20,NZL,1,0,0,1,1936,0.0,1.0,0.0,1.0
210,22,POL,0,4,5,9,1936,3.0,2.0,4.0,9.0
211,23,DEN,0,2,3,5,1936,0.0,5.0,3.0,8.0
212,24,LAT,0,1,1,2,1936,0.0,1.0,0.0,1.0
213,25,ROU,0,1,0,1,1936,0.0,0.0,1.0,1.0
214,25,RSA,0,1,0,1,1936,2.0,0.0,3.0,5.0
215,25,YUG,0,1,0,1,1936,1.0,1.0,3.0,5.0
216,28,BEL,0,0,3,3,1936,0.0,0.0,1.0,1.0
217,28,MEX,0,0,3,3,1936,0.0,2.0,0.0,2.0
218,30,AUS,0,0,1,1,1936,3.0,1.0,1.0,5.0
219,30,PHI,0,0,1,1,1936,0.0,0.0,3.0,3.0
220,30,POR,0,0,1,1,1936,0.0,0.0,1.0,1.0
221,1,USA,38,27,19,84,1948,24.0,21.0,12.0,57.0
222,2,SWE,16,11,17,44,1948,6.0,5.0,10.0,21.0
223,3,FRA,10,6,13,29,1948,7.0,6.0,6.0,19.0
224,4,HUN,10,5,12,27,1948,10.0,1.0,5.0,16.0
225,5,ITA,8,11,8,27,1948,9.0,13.0,5.0,27.0
226,6,FIN,8,7,5,20,1948,8.0,6.0,6.0,20.0
227,7,TUR,6,4,2,12,1948,1.0,0.0,1.0,2.0
228,8,TCH,6,2,3,11,1948,3.0,5.0,1.0,9.0
229,9,SUI,5,10,5,20,1948,4.0,9.0,5.0,18.0
230,10,DEN,5,7,8,20,1948,0.0,2.0,3.0,5.0
231,11,NED,5,2,9,16,1948,6.0,4.0,7.0,17.0
232,12,GBR,3,14,6,23,1948,4.0,7.0,3.0,14.0
233,13,ARG,3,3,1,7,1948,2.0,2.0,3.0,7.0
234,14,AUS,2,6,5,13,1948,0.0,0.0,1.0,1.0
235,15,BEL,2,2,3,7,1948,0.0,0.0,3.0,3.0
236,16,EGY,2,2,1,5,1948,2.0,1.0,2.0,5.0
237,17,MEX,2,1,2,5,1948,0.0,0.0,3.0,3.0
238,18,RSA,2,1,1,4,1948,0.0,1.0,0.0,1.0
239,19,NOR,1,3,3,7,1948,1.0,3.0,2.0,6.0
240,20,JAM,1,2,0,3,1948,,,,
241,21,AUT,1,0,3,4,1948,5.0,7.0,5.0,17.0
242,22,IND,1,0,0,1,1948,1.0,0.0,0.0,1.0
243,22,PER,1,0,0,1,1948,,,,
244,24,YUG,0,2,0,2,1948,0.0,1.0,0.0,1.0
245,25,CAN,0,1,2,3,1948,1.0,3.0,5.0,9.0
246,26,POR,0,1,1,2,1948,0.0,0.0,1.0,1.0
247,26,URU,0,1,1,2,1948,0.0,0.0,1.0,1.0
248,28,SRI,0,1,0,1,1948,,,,
249,28,CUB,0,1,0,1,1948,3.0,0.0,0.0,3.0
250,28,ESP,0,1,0,1,1948,0.0,0.0,1.0,1.0
251,28,TTO,0,1,0,1,1948,,,,
252,32,KOR,0,0,2,2,1948,,,,
253,32,PAN,0,0,2,2,1948,,,,
254,34,BRA,0,0,1,1,1948,1.0,1.0,1.0,3.0
255,34,IRI,0,0,1,1,1948,,,,
256,34,POL,0,0,1,1,1948,0.0,4.0,5.0,9.0
257,34,PUR,0,0,1,1,1948,,,,
258,1,USA,40,19,17,76,1952,38.0,27.0,19.0,84.0
259,2,URS,22,30,19,71,1952,,,,
260,3,HUN,16,10,16,42,1952,10.0,5.0,12.0,27.0
261,4,SWE,12,13,10,35,1952,16.0,11.0,17.0,44.0
262,5,ITA,8,9,4,21,1952,8.0,11.0,8.0,27.0
263,6,TCH,7,3,3,13,1952,6.0,2.0,3.0,11.0
264,7,FRA,6,6,6,18,1952,10.0,6.0,13.0,29.0
265,8,FIN,6,3,13,22,1952,8.0,7.0,5.0,20.0
266,9,AUS,6,2,3,11,1952,2.0,6.0,5.0,13.0
267,10,NOR,3,2,0,5,1952,1.0,3.0,3.0,7.0
268,11,SUI,2,6,6,14,1952,5.0,10.0,5.0,20.0
269,12,RSA,2,4,4,10,1952,2.0,1.0,1.0,4.0
270,13,JAM,2,3,0,5,1952,1.0,2.0,0.0,3.0
271,14,BEL,2,2,0,4,1952,2.0,2.0,3.0,7.0
272,15,DEN,2,1,3,6,1952,5.0,7.0,8.0,20.0
273,16,TUR,2,0,1,3,1952,6.0,4.0,2.0,12.0
274,17,JPN,1,6,2,9,1952,6.0,4.0,10.0,20.0
275,18,GBR,1,2,8,11,1952,3.0,14.0,6.0,23.0
276,19,ARG,1,2,2,5,1952,3.0,3.0,1.0,7.0
277,20,POL,1,2,1,4,1952,0.0,0.0,1.0,1.0
278,21,CAN,1,2,0,3,1952,0.0,1.0,2.0,3.0
279,21,YUG,1,2,0,3,1952,0.0,2.0,0.0,2.0
280,23,ROU,1,1,2,4,1952,0.0,1.0,0.0,1.0
281,24,BRA,1,0,2,3,1952,0.0,0.0,1.0,1.0
282,24,NZL,1,0,2,3,1952,1.0,0.0,0.0,1.0
283,26,IND,1,0,1,2,1952,1.0,0.0,0.0,1.0
284,27,LUX,1,0,0,1,1952,0.0,1.0,0.0,1.0
285,28,GER,0,7,17,24,1952,38.0,31.0,32.0,101.0
286,29,NED,0,5,0,5,1952,5.0,2.0,9.0,16.0
287,30,IRI,0,3,4,7,1952,0.0,0.0,1.0,1.0
288,31,CHI,0,2,0,2,1952,0.0,1.0,0.0,1.0
289,32,AUT,0,1,1,2,1952,1.0,0.0,3.0,4.0
290,32,LBN,0,1,1,2,1952,,,,
291,34,ESP,0,1,0,1,1952,0.0,1.0,0.0,1.0
292,34,IRL,0,1,0,1,1952,2.0,0.0,0.0,2.0
293,34,MEX,0,1,0,1,1952,2.0,1.0,2.0,5.0
294,37,KOR,0,0,2,2,1952,0.0,0.0,2.0,2.0
295,37,TTO,0,0,2,2,1952,0.0,1.0,0.0,1.0
296,37,URU,0,0,2,2,1952,0.0,1.0,1.0,2.0
297,40,BUL,0,0,1,1,1952,,,,
298,40,EGY,0,0,1,1,1952,2.0,2.0,1.0,5.0
299,40,POR,0,0,1,1,1952,0.0,1.0,1.0,2.0
300,40,VEN,0,0,1,1,1952,,,,
301,1,URS,37,29,32,98,1956,22.0,30.0,19.0,71.0
302,2,USA,32,25,17,74,1956,40.0,19.0,17.0,76.0
303,3,AUS,13,8,14,35,1956,6.0,2.0,3.0,11.0
304,4,HUN,9,10,7,26,1956,16.0,10.0,16.0,42.0
305,5,ITA,8,8,9,25,1956,8.0,9.0,4.0,21.0
306,6,SWE,8,5,6,19,1956,12.0,13.0,10.0,35.0
307,7,GER,6,13,7,26,1956,0.0,7.0,17.0,24.0
308,8,GBR,6,7,11,24,1956,1.0,2.0,8.0,11.0
309,9,ROU,5,3,5,13,1956,1.0,1.0,2.0,4.0
310,10,JPN,4,10,5,19,1956,1.0,6.0,2.0,9.0
311,11,FRA,4,4,6,14,1956,6.0,6.0,6.0,18.0
312,12,TUR,3,2,2,7,1956,2.0,0.0,1.0,3.0
313,13,FIN,3,1,11,15,1956,6.0,3.0,13.0,22.0
314,14,IRI,2,2,1,5,1956,0.0,3.0,4.0,7.0
315,15,CAN,2,1,3,6,1956,1.0,2.0,0.0,3.0
316,16,NZL,2,0,0,2,1956,1.0,0.0,2.0,3.0
317,17,POL,1,4,4,9,1956,1.0,2.0,1.0,4.0
318,18,TCH,1,4,1,6,1956,7.0,3.0,3.0,13.0
319,19,BUL,1,3,1,5,1956,0.0,0.0,1.0,1.0
320,20,DEN,1,2,1,4,1956,2.0,1.0,3.0,6.0
321,21,IRL,1,1,3,5,1956,0.0,1.0,0.0,1.0
322,22,NOR,1,0,2,3,1956,3.0,2.0,0.0,5.0
323,23,MEX,1,0,1,2,1956,0.0,1.0,0.0,1.0
324,24,BRA,1,0,0,1,1956,1.0,0.0,2.0,3.0
325,24,IND,1,0,0,1,1956,1.0,0.0,1.0,2.0
326,26,YUG,0,3,0,3,1956,1.0,2.0,0.0,3.0
327,27,CHI,0,2,2,4,1956,0.0,2.0,0.0,2.0
328,28,BEL,0,2,0,2,1956,2.0,2.0,0.0,4.0
329,29,ARG,0,1,1,2,1956,1.0,2.0,2.0,5.0
330,29,KOR,0,1,1,2,1956,0.0,0.0,2.0,2.0
331,31,ISL,0,1,0,1,1956,,,,
332,31,PAK,0,1,0,1,1956,,,,
333,33,RSA,0,0,4,4,1956,2.0,4.0,4.0,10.0
334,34,AUT,0,0,2,2,1956,0.0,1.0,1.0,2.0
335,35,BAH,0,0,1,1,1956,,,,
336,35,GRE,0,0,1,1,1956,0.0,1.0,0.0,1.0
337,35,SUI,0,0,1,1,1956,2.0,6.0,6.0,14.0
338,35,URU,0,0,1,1,1956,0.0,0.0,2.0,2.0
339,1,URS,43,29,31,103,1960,37.0,29.0,32.0,98.0
340,2,USA,34,21,16,71,1960,32.0,25.0,17.0,74.0
341,3,ITA,13,10,13,36,1960,8.0,8.0,9.0,25.0
342,4,GER,12,19,11,42,1960,6.0,13.0,7.0,26.0
343,5,AUS,8,8,6,22,1960,13.0,8.0,14.0,35.0
344,6,TUR,7,2,0,9,1960,3.0,2.0,2.0,7.0
345,7,HUN,6,8,7,21,1960,9.0,10.0,7.0,26.0
346,8,JPN,4,7,7,18,1960,4.0,10.0,5.0,19.0
347,9,POL,4,6,11,21,1960,1.0,4.0,4.0,9.0
348,10,TCH,3,2,3,8,1960,1.0,4.0,1.0,6.0
349,11,ROU,3,1,6,10,1960,5.0,3.0,5.0,13.0
350,12,GBR,2,6,14,22,1960,6.0,7.0,11.0,24.0
351,13,DEN,2,3,1,6,1960,1.0,2.0,1.0,4.0
352,14,NZL,2,0,1,3,1960,2.0,0.0,0.0,2.0
353,15,BUL,1,3,3,7,1960,1.0,3.0,1.0,5.0
354,16,SWE,1,2,3,6,1960,8.0,5.0,6.0,19.0
355,17,FIN,1,1,3,5,1960,3.0,1.0,11.0,15.0
356,18,AUT,1,1,0,2,1960,0.0,0.0,2.0,2.0
357,18,YUG,1,1,0,2,1960,0.0,3.0,0.0,3.0
358,20,PAK,1,0,1,2,1960,0.0,1.0,0.0,1.0
359,21,ETH,1,0,0,1,1960,,,,
360,21,GRE,1,0,0,1,1960,0.0,0.0,1.0,1.0
361,21,NOR,1,0,0,1,1960,1.0,0.0,2.0,3.0
362,24,SUI,0,3,3,6,1960,0.0,0.0,1.0,1.0
363,25,FRA,0,2,3,5,1960,4.0,4.0,6.0,14.0
364,26,BEL,0,2,2,4,1960,0.0,2.0,0.0,2.0
365,27,IRI,0,1,3,4,1960,2.0,2.0,1.0,5.0
366,28,NED,0,1,2,3,1960,0.0,5.0,0.0,5.0
367,28,RSA,0,1,2,3,1960,0.0,0.0,4.0,4.0
368,30,ARG,0,1,1,2,1960,0.0,1.0,1.0,2.0
369,30,EGY,0,1,1,2,1960,0.0,0.0,1.0,1.0
370,32,CAN,0,1,0,1,1960,2.0,1.0,3.0,6.0
371,32,TPE,0,1,0,1,1960,,,,
372,32,GHA,0,1,0,1,1960,,,,
373,32,IND,0,1,0,1,1960,1.0,0.0,0.0,1.0
374,32,MAR,0,1,0,1,1960,,,,
375,32,POR,0,1,0,1,1960,0.0,0.0,1.0,1.0
376,32,SGP,0,1,0,1,1960,,,,
377,39,BRA,0,0,2,2,1960,1.0,0.0,0.0,1.0
378,40,ESP,0,0,1,1,1960,0.0,1.0,0.0,1.0
379,40,IRQ,0,0,1,1,1960,,,,
380,40,MEX,0,0,1,1,1960,1.0,0.0,1.0,2.0
381,40,VEN,0,0,1,1,1960,0.0,0.0,1.0,1.0
382,1,USA,36,26,28,90,1964,34.0,21.0,16.0,71.0
383,2,URS,30,31,35,96,1964,43.0,29.0,31.0,103.0
384,3,JPN,16,5,8,29,1964,4.0,7.0,7.0,18.0
385,4,GER,10,22,18,50,1964,12.0,19.0,11.0,42.0
386,5,ITA,10,10,7,27,1964,13.0,10.0,13.0,36.0
387,6,HUN,10,7,5,22,1964,6.0,8.0,7.0,21.0
388,7,POL,7,6,10,23,1964,4.0,6.0,11.0,21.0
389,8,AUS,6,2,10,18,1964,8.0,8.0,6.0,22.0
390,9,TCH,5,6,3,14,1964,3.0,2.0,3.0,8.0
391,10,GBR,4,12,2,18,1964,2.0,6.0,14.0,22.0
392,11,BUL,3,5,2,10,1964,1.0,3.0,3.0,7.0
393,12,FIN,3,0,2,5,1964,1.0,1.0,3.0,5.0
394,12,NZL,3,0,2,5,1964,2.0,0.0,1.0,3.0
395,14,ROU,2,4,6,12,1964,3.0,1.0,6.0,10.0
396,15,NED,2,4,4,10,1964,0.0,1.0,2.0,3.0
397,16,TUR,2,3,1,6,1964,7.0,2.0,0.0,9.0
398,17,SWE,2,2,4,8,1964,1.0,2.0,3.0,6.0
399,18,DEN,2,1,3,6,1964,2.0,3.0,1.0,6.0
400,19,YUG,2,1,2,5,1964,1.0,1.0,0.0,2.0
401,20,BEL,2,0,1,3,1964,0.0,2.0,2.0,4.0
402,21,FRA,1,8,6,15,1964,0.0,2.0,3.0,5.0
403,22,CAN,1,2,1,4,1964,0.0,1.0,0.0,1.0
404,22,SUI,1,2,1,4,1964,0.0,3.0,3.0,6.0
405,24,BAH,1,0,0,1,1964,0.0,0.0,1.0,1.0
406,24,ETH,1,0,0,1,1964,1.0,0.0,0.0,1.0
407,24,IND,1,0,0,1,1964,0.0,1.0,0.0,1.0
408,27,KOR,0,2,1,3,1964,0.0,1.0,1.0,2.0
409,28,TTO,0,1,2,3,1964,0.0,0.0,2.0,2.0
410,29,TUN,0,1,1,2,1964,,,,
411,30,ARG,0,1,0,1,1964,0.0,1.0,1.0,2.0
412,30,CUB,0,1,0,1,1964,0.0,1.0,0.0,1.0
413,30,PAK,0,1,0,1,1964,1.0,0.0,1.0,2.0
414,30,PHI,0,1,0,1,1964,0.0,0.0,1.0,1.0
415,34,IRI,0,0,2,2,1964,0.0,1.0,3.0,4.0
416,35,BRA,0,0,1,1,1964,0.0,0.0,2.0,2.0
417,35,GHA,0,0,1,1,1964,0.0,1.0,0.0,1.0
418,35,IRL,0,0,1,1,1964,1.0,1.0,3.0,5.0
419,35,KEN,0,0,1,1,1964,,,,
420,35,MEX,0,0,1,1,1964,0.0,0.0,1.0,1.0
421,35,NGR,0,0,1,1,1964,,,,
422,35,URU,0,0,1,1,1964,0.0,0.0,1.0,1.0
423,1,USA,45,28,34,107,1968,36.0,26.0,28.0,90.0
424,2,URS,29,32,30,91,1968,30.0,31.0,35.0,96.0
425,3,JPN,11,7,7,25,1968,16.0,5.0,8.0,29.0
426,4,HUN,10,10,12,32,1968,10.0,7.0,5.0,22.0
427,5,GDR,9,9,7,25,1968,,,,
428,6,FRA,7,3,5,15,1968,1.0,8.0,6.0,15.0
429,7,TCH,7,2,4,13,1968,5.0,6.0,3.0,14.0
430,8,FRG,5,11,10,26,1968,,,,
431,9,AUS,5,7,5,17,1968,6.0,2.0,10.0,18.0
432,10,GBR,5,5,3,13,1968,4.0,12.0,2.0,18.0
433,11,POL,5,2,11,18,1968,7.0,6.0,10.0,23.0
434,12,ROU,4,6,5,15,1968,2.0,4.0,6.0,12.0
435,13,ITA,3,4,9,16,1968,10.0,10.0,7.0,27.0
436,14,KEN,3,4,2,9,1968,0.0,0.0,1.0,1.0
437,15,MEX,3,3,3,9,1968,0.0,0.0,1.0,1.0
438,16,YUG,3,3,2,8,1968,2.0,1.0,2.0,5.0
439,17,NED,3,3,1,7,1968,2.0,4.0,4.0,10.0
440,18,BUL,2,4,3,9,1968,3.0,5.0,2.0,10.0
441,19,IRI,2,1,2,5,1968,0.0,0.0,2.0,2.0
442,20,SWE,2,1,1,4,1968,2.0,2.0,4.0,8.0
443,21,TUR,2,0,0,2,1968,2.0,3.0,1.0,6.0
444,22,DEN,1,4,3,8,1968,2.0,1.0,3.0,6.0
445,23,CAN,1,3,1,5,1968,1.0,2.0,1.0,4.0
446,24,FIN,1,2,1,4,1968,3.0,0.0,2.0,5.0
447,25,ETH,1,1,0,2,1968,1.0,0.0,0.0,1.0
448,25,NOR,1,1,0,2,1968,1.0,0.0,0.0,1.0
449,27,NZL,1,0,2,3,1968,3.0,0.0,2.0,5.0
450,28,TUN,1,0,1,2,1968,0.0,1.0,1.0,2.0
451,29,PAK,1,0,0,1,1968,0.0,1.0,0.0,1.0
452,29,VEN,1,0,0,1,1968,0.0,0.0,1.0,1.0
453,31,CUB,0,4,0,4,1968,0.0,1.0,0.0,1.0
454,32,AUT,0,2,2,4,1968,1.0,1.0,0.0,2.0
455,33,SUI,0,1,4,5,1968,1.0,2.0,1.0,4.0
456,34,MGL,0,1,3,4,1968,,,,
457,35,BRA,0,1,2,3,1968,0.0,0.0,1.0,1.0
458,36,BEL,0,1,1,2,1968,2.0,0.0,1.0,3.0
459,36,KOR,0,1,1,2,1968,0.0,2.0,1.0,3.0
460,36,UGA,0,1,1,2,1968,,,,
461,39,CMR,0,1,0,1,1968,,,,
462,39,JAM,0,1,0,1,1968,2.0,3.0,0.0,5.0
463,41,ARG,0,0,2,2,1968,0.0,1.0,0.0,1.0
464,42,GRE,0,0,1,1,1968,1.0,0.0,0.0,1.0
465,42,IND,0,0,1,1,1968,1.0,0.0,0.0,1.0
466,42,TPE,0,0,1,1,1968,0.0,1.0,0.0,1.0
467,1,URS,50,27,22,99,1972,29.0,32.0,30.0,91.0
468,2,USA,33,31,30,94,1972,45.0,28.0,34.0,107.0
469,3,GDR,20,23,23,66,1972,9.0,9.0,7.0,25.0
470,4,FRG,13,11,16,40,1972,5.0,11.0,10.0,26.0
471,5,JPN,13,8,8,29,1972,11.0,7.0,7.0,25.0
472,6,AUS,8,7,2,17,1972,5.0,7.0,5.0,17.0
473,7,POL,7,5,9,21,1972,5.0,2.0,11.0,18.0
474,8,HUN,6,13,16,35,1972,10.0,10.0,12.0,32.0
475,9,BUL,6,10,5,21,1972,2.0,4.0,3.0,9.0
476,10,ITA,5,3,10,18,1972,3.0,4.0,9.0,16.0
477,11,SWE,4,6,6,16,1972,2.0,1.0,1.0,4.0
478,12,GBR,4,5,9,18,1972,5.0,5.0,3.0,13.0
479,13,ROU,3,6,7,16,1972,4.0,6.0,5.0,15.0
480,14,CUB,3,1,4,8,1972,0.0,4.0,0.0,4.0
481,14,FIN,3,1,4,8,1972,1.0,2.0,1.0,4.0
482,16,NED,3,1,1,5,1972,3.0,3.0,1.0,7.0
483,17,FRA,2,4,7,13,1972,7.0,3.0,5.0,15.0
484,18,TCH,2,4,2,8,1972,7.0,2.0,4.0,13.0
485,19,KEN,2,3,4,9,1972,3.0,4.0,2.0,9.0
486,20,YUG,2,1,2,5,1972,3.0,3.0,2.0,8.0
487,21,NOR,2,1,1,4,1972,1.0,1.0,0.0,2.0
488,22,PRK,1,1,3,5,1972,,,,
489,23,NZL,1,1,1,3,1972,1.0,0.0,2.0,3.0
490,24,UGA,1,1,0,2,1972,0.0,1.0,1.0,2.0
491,25,DEN,1,0,0,1,1972,1.0,4.0,3.0,8.0
492,26,SUI,0,3,0,3,1972,0.0,1.0,4.0,5.0
493,27,CAN,0,2,3,5,1972,1.0,3.0,1.0,5.0
494,28,IRI,0,2,1,3,1972,2.0,1.0,2.0,5.0
495,29,BEL,0,2,0,2,1972,0.0,1.0,1.0,2.0
496,29,GRE,0,2,0,2,1972,0.0,0.0,1.0,1.0
497,31,AUT,0,1,2,3,1972,0.0,2.0,2.0,4.0
498,31,COL,0,1,2,3,1972,,,,
499,33,ARG,0,1,0,1,1972,0.0,0.0,2.0,2.0
500,33,KOR,0,1,0,1,1972,0.0,1.0,1.0,2.0
501,33,LBN,0,1,0,1,1972,0.0,1.0,1.0,2.0
502,33,MEX,0,1,0,1,1972,3.0,3.0,3.0,9.0
503,33,MGL,0,1,0,1,1972,0.0,1.0,3.0,4.0
504,33,PAK,0,1,0,1,1972,1.0,0.0,0.0,1.0
505,33,TUN,0,1,0,1,1972,1.0,0.0,1.0,2.0
506,33,TUR,0,1,0,1,1972,2.0,0.0,0.0,2.0
507,41,BRA,0,0,2,2,1972,0.0,1.0,2.0,3.0
508,41,ETH,0,0,2,2,1972,1.0,1.0,0.0,2.0
509,43,ESP,0,0,1,1,1972,0.0,0.0,1.0,1.0
510,43,GHA,0,0,1,1,1972,0.0,0.0,1.0,1.0
511,43,IND,0,0,1,1,1972,0.0,0.0,1.0,1.0
512,43,JAM,0,0,1,1,1972,0.0,1.0,0.0,1.0
513,43,NGR,0,0,1,1,1972,0.0,0.0,1.0,1.0
514,43,NIG,0,0,1,1,1972,,,,
515,1,URS,49,41,35,125,1976,50.0,27.0,22.0,99.0
516,2,GDR,40,25,25,90,1976,20.0,23.0,23.0,66.0
517,3,USA,34,35,25,94,1976,33.0,31.0,30.0,94.0
518,4,FRG,10,12,17,39,1976,13.0,11.0,16.0,40.0
519,5,JPN,9,6,10,25,1976,13.0,8.0,8.0,29.0
520,6,POL,7,6,13,26,1976,7.0,5.0,9.0,21.0
521,7,BUL,6,9,7,22,1976,6.0,10.0,5.0,21.0
522,8,CUB,6,4,3,13,1976,3.0,1.0,4.0,8.0
523,9,ROU,4,9,14,27,1976,3.0,6.0,7.0,16.0
524,10,HUN,4,5,13,22,1976,6.0,13.0,16.0,35.0
525,11,FIN,4,2,0,6,1976,3.0,1.0,4.0,8.0
526,12,SWE,4,1,0,5,1976,4.0,6.0,6.0,16.0
527,13,GBR,3,5,5,13,1976,4.0,5.0,9.0,18.0
528,14,ITA,2,7,4,13,1976,5.0,3.0,10.0,18.0
529,15,FRA,2,3,4,9,1976,2.0,4.0,7.0,13.0
530,16,YUG,2,3,3,8,1976,2.0,1.0,2.0,5.0
531,17,TCH,2,2,4,8,1976,2.0,4.0,2.0,8.0
532,18,NZL,2,1,1,4,1976,1.0,1.0,1.0,3.0
533,19,KOR,1,1,4,6,1976,0.0,1.0,0.0,1.0
534,20,SUI,1,1,2,4,1976,0.0,3.0,0.0,3.0
535,21,JAM,1,1,0,2,1976,0.0,0.0,1.0,1.0
536,21,NOR,1,1,0,2,1976,2.0,1.0,1.0,4.0
537,21,PRK,1,1,0,2,1976,1.0,1.0,3.0,5.0
538,24,DEN,1,0,2,3,1976,1.0,0.0,0.0,1.0
539,25,MEX,1,0,1,2,1976,0.0,1.0,0.0,1.0
540,26,TTO,1,0,0,1,1976,0.0,1.0,2.0,3.0
541,27,CAN,0,5,6,11,1976,0.0,2.0,3.0,5.0
542,28,BEL,0,3,3,6,1976,0.0,2.0,0.0,2.0
543,29,NED,0,2,3,5,1976,3.0,1.0,1.0,5.0
544,30,ESP,0,2,0,2,1976,0.0,0.0,1.0,1.0
545,30,POR,0,2,0,2,1976,0.0,1.0,0.0,1.0
546,32,AUS,0,1,4,5,1976,8.0,7.0,2.0,17.0
547,33,IRI,0,1,1,2,1976,0.0,2.0,1.0,3.0
548,34,MGL,0,1,0,1,1976,0.0,1.0,0.0,1.0
549,34,VEN,0,1,0,1,1976,1.0,0.0,0.0,1.0
550,36,BRA,0,0,2,2,1976,0.0,0.0,2.0,2.0
551,37,AUT,0,0,1,1,1976,0.0,1.0,2.0,3.0
552,37,BER,0,0,1,1,1976,,,,
553,37,PAK,0,0,1,1,1976,0.0,1.0,0.0,1.0
554,37,PUR,0,0,1,1,1976,0.0,0.0,1.0,1.0
555,37,THA,0,0,1,1,1976,,,,
556,1,URS,80,69,46,195,1980,49.0,41.0,35.0,125.0
557,2,GDR,47,37,42,126,1980,40.0,25.0,25.0,90.0
558,3,BUL,8,16,17,41,1980,6.0,9.0,7.0,22.0
559,4,CUB,8,7,5,20,1980,6.0,4.0,3.0,13.0
560,5,ITA,8,3,4,15,1980,2.0,7.0,4.0,13.0
561,6,HUN,7,10,15,32,1980,4.0,5.0,13.0,22.0
562,7,ROU,6,6,13,25,1980,4.0,9.0,14.0,27.0
563,8,FRA,6,5,3,14,1980,2.0,3.0,4.0,9.0
564,9,GBR,5,7,9,21,1980,3.0,5.0,5.0,13.0
565,10,POL,3,14,15,32,1980,7.0,6.0,13.0,26.0
566,11,SWE,3,3,6,12,1980,4.0,1.0,0.0,5.0
567,12,FIN,3,1,4,8,1980,4.0,2.0,0.0,6.0
568,13,TCH,2,3,9,14,1980,2.0,2.0,4.0,8.0
569,14,YUG,2,3,4,9,1980,2.0,3.0,3.0,8.0
570,15,AUS,2,2,5,9,1980,0.0,1.0,4.0,5.0
571,16,DEN,2,1,2,5,1980,1.0,0.0,2.0,3.0
572,17,BRA,2,0,2,4,1980,0.0,0.0,2.0,2.0
573,17,ETH,2,0,2,4,1980,0.0,0.0,2.0,2.0
574,19,SUI,2,0,0,2,1980,1.0,1.0,2.0,4.0
575,20,ESP,1,3,2,6,1980,0.0,2.0,0.0,2.0
576,21,AUT,1,2,1,4,1980,0.0,0.0,1.0,1.0
577,22,GRE,1,0,2,3,1980,0.0,2.0,0.0,2.0
578,23,BEL,1,0,0,1,1980,0.0,3.0,3.0,6.0
579,23,IND,1,0,0,1,1980,0.0,0.0,1.0,1.0
580,23,ZIM,1,0,0,1,1980,,,,
581,26,PRK,0,3,2,5,1980,1.0,1.0,0.0,2.0
582,27,MGL,0,2,2,4,1980,0.0,1.0,0.0,1.0
583,28,TAN,0,2,0,2,1980,,,,
584,29,MEX,0,1,3,4,1980,1.0,0.0,1.0,2.0
585,30,NED,0,1,2,3,1980,0.0,2.0,3.0,5.0
586,31,IRL,0,1,1,2,1980,0.0,0.0,1.0,1.0
587,32,UGA,0,1,0,1,1980,1.0,1.0,0.0,2.0
588,32,VEN,0,1,0,1,1980,0.0,1.0,0.0,1.0
589,34,JAM,0,0,3,3,1980,1.0,1.0,0.0,2.0
590,35,GUY,0,0,1,1,1980,,,,
591,35,LBN,0,0,1,1,1980,0.0,1.0,0.0,1.0
592,1,USA,83,61,30,174,1984,34.0,35.0,25.0,94.0
593,2,ROU,20,16,17,53,1984,6.0,6.0,13.0,25.0
594,3,FRG,17,19,23,59,1984,10.0,12.0,17.0,39.0
595,4,CHN,15,8,9,32,1984,,,,
596,5,ITA,14,6,12,32,1984,8.0,3.0,4.0,15.0
597,6,CAN,10,18,16,44,1984,0.0,5.0,6.0,11.0
598,7,JPN,10,8,14,32,1984,9.0,6.0,10.0,25.0
599,8,NZL,8,1,2,11,1984,2.0,1.0,1.0,4.0
600,9,YUG,7,4,7,18,1984,2.0,3.0,4.0,9.0
601,10,KOR,6,6,7,19,1984,1.0,1.0,4.0,6.0
602,11,GBR,5,11,21,37,1984,5.0,7.0,9.0,21.0
603,12,FRA,5,7,16,28,1984,6.0,5.0,3.0,14.0
604,13,NED,5,2,6,13,1984,0.0,1.0,2.0,3.0
605,14,AUS,4,8,12,24,1984,2.0,2.0,5.0,9.0
606,15,FIN,4,2,6,12,1984,3.0,1.0,4.0,8.0
607,16,SWE,2,11,6,19,1984,3.0,3.0,6.0,12.0
608,17,MEX,2,3,1,6,1984,0.0,1.0,3.0,4.0
609,18,MAR,2,0,0,2,1984,0.0,1.0,0.0,1.0
610,19,BRA,1,5,2,8,1984,2.0,0.0,2.0,4.0
611,20,ESP,1,2,2,5,1984,1.0,3.0,2.0,6.0
612,21,BEL,1,1,2,4,1984,1.0,0.0,0.0,1.0
613,22,AUT,1,1,1,3,1984,1.0,2.0,1.0,4.0
614,23,KEN,1,0,2,3,1984,2.0,3.0,4.0,9.0
615,23,POR,1,0,2,3,1984,0.0,2.0,0.0,2.0
616,25,PAK,1,0,0,1,1984,0.0,0.0,1.0,1.0
617,26,SUI,0,4,4,8,1984,2.0,0.0,0.0,2.0
618,27,DEN,0,3,3,6,1984,2.0,1.0,2.0,5.0
619,28,JAM,0,1,2,3,1984,0.0,0.0,3.0,3.0
620,28,NOR,0,1,2,3,1984,1.0,1.0,0.0,2.0
621,30,GRE,0,1,1,2,1984,1.0,0.0,2.0,3.0
622,30,NGR,0,1,1,2,1984,0.0,0.0,1.0,1.0
623,30,PUR,0,1,1,2,1984,0.0,0.0,1.0,1.0
624,33,CIV,0,1,0,1,1984,,,,
625,33,COL,0,1,0,1,1984,0.0,1.0,2.0,3.0
626,33,EGY,0,1,0,1,1984,0.0,1.0,1.0,2.0
627,33,IRL,0,1,0,1,1984,0.0,1.0,1.0,2.0
628,33,PER,0,1,0,1,1984,1.0,0.0,0.0,1.0
629,33,SYR,0,1,0,1,1984,,,,
630,33,THA,0,1,0,1,1984,0.0,0.0,1.0,1.0
631,40,TUR,0,0,3,3,1984,0.0,1.0,0.0,1.0
632,40,VEN,0,0,3,3,1984,0.0,1.0,0.0,1.0
633,42,ALG,0,0,2,2,1984,,,,
634,43,CMR,0,0,1,1,1984,0.0,1.0,0.0,1.0
635,43,DOM,0,0,1,1,1984,,,,
636,43,ISL,0,0,1,1,1984,0.0,1.0,0.0,1.0
637,43,TPE,0,0,1,1,1984,0.0,0.0,1.0,1.0
638,43,ZAM,0,0,1,1,1984,,,,
639,1,URS,55,31,46,132,1988,80.0,69.0,46.0,195.0
640,2,GDR,37,35,30,102,1988,47.0,37.0,42.0,126.0
641,3,USA,36,31,27,94,1988,83.0,61.0,30.0,174.0
642,4,KOR,12,10,11,33,1988,6.0,6.0,7.0,19.0
643,5,FRG,11,14,15,40,1988,17.0,19.0,23.0,59.0
644,6,HUN,11,6,6,23,1988,7.0,10.0,15.0,32.0
645,7,BUL,10,12,13,35,1988,8.0,16.0,17.0,41.0
646,8,ROU,7,11,6,24,1988,20.0,16.0,17.0,53.0
647,9,FRA,6,4,6,16,1988,5.0,7.0,16.0,28.0
648,10,ITA,6,4,4,14,1988,14.0,6.0,12.0,32.0
649,11,CHN,5,11,12,28,1988,15.0,8.0,9.0,32.0
650,12,GBR,5,10,9,24,1988,5.0,11.0,21.0,37.0
651,13,KEN,5,2,2,9,1988,1.0,0.0,2.0,3.0
652,14,JPN,4,3,7,14,1988,10.0,8.0,14.0,32.0
653,15,AUS,3,6,5,14,1988,4.0,8.0,12.0,24.0
654,16,YUG,3,4,5,12,1988,7.0,4.0,7.0,18.0
655,17,TCH,3,3,2,8,1988,2.0,3.0,9.0,14.0
656,18,NZL,3,2,8,13,1988,8.0,1.0,2.0,11.0
657,19,CAN,3,2,5,10,1988,10.0,18.0,16.0,44.0
658,20,POL,2,5,9,16,1988,3.0,14.0,15.0,32.0
659,21,NOR,2,3,0,5,1988,0.0,1.0,2.0,3.0
660,22,NED,2,2,5,9,1988,5.0,2.0,6.0,13.0
661,23,DEN,2,1,1,4,1988,0.0,3.0,3.0,6.0
662,24,BRA,1,2,3,6,1988,1.0,5.0,2.0,8.0
663,25,ESP,1,1,2,4,1988,1.0,2.0,2.0,5.0
664,25,FIN,1,1,2,4,1988,4.0,2.0,6.0,12.0
665,27,TUR,1,1,0,2,1988,0.0,0.0,3.0,3.0
666,28,MAR,1,0,2,3,1988,2.0,0.0,0.0,2.0
667,29,AUT,1,0,0,1,1988,1.0,1.0,1.0,3.0
668,29,POR,1,0,0,1,1988,1.0,0.0,2.0,3.0
669,29,SUR,1,0,0,1,1988,,,,
670,32,SWE,0,4,7,11,1988,2.0,11.0,6.0,19.0
671,33,SUI,0,2,2,4,1988,0.0,4.0,4.0,8.0
672,34,JAM,0,2,0,2,1988,0.0,1.0,2.0,3.0
673,35,ARG,0,1,1,2,1988,0.0,1.0,0.0,1.0
674,36,AHO,0,1,0,1,1988,,,,
675,36,CHI,0,1,0,1,1988,0.0,2.0,2.0,4.0
676,36,CRC,0,1,0,1,1988,,,,
677,36,INA,0,1,0,1,1988,,,,
678,36,IRI,0,1,0,1,1988,0.0,1.0,1.0,2.0
679,36,ISV,0,1,0,1,1988,,,,
680,36,PER,0,1,0,1,1988,0.0,1.0,0.0,1.0
681,36,SEN,0,1,0,1,1988,,,,
682,44,BEL,0,0,2,2,1988,1.0,1.0,2.0,4.0
683,44,MEX,0,0,2,2,1988,2.0,3.0,1.0,6.0
684,46,COL,0,0,1,1,1988,0.0,1.0,0.0,1.0
685,46,DJI,0,0,1,1,1988,,,,
686,46,GRE,0,0,1,1,1988,0.0,1.0,1.0,2.0
687,46,MGL,0,0,1,1,1988,0.0,2.0,2.0,4.0
688,46,PAK,0,0,1,1,1988,1.0,0.0,0.0,1.0
689,46,PHI,0,0,1,1,1988,0.0,1.0,0.0,1.0
690,46,THA,0,0,1,1,1988,0.0,1.0,0.0,1.0
691,1,EUN,45,38,29,112,1992,,,,
692,2,USA,37,34,37,108,1992,36.0,31.0,27.0,94.0
693,3,GER,33,21,28,82,1992,10.0,22.0,18.0,50.0
694,4,CHN,16,22,16,54,1992,5.0,11.0,12.0,28.0
695,5,CUB,14,6,11,31,1992,8.0,7.0,5.0,20.0
696,6,ESP,13,7,2,22,1992,1.0,1.0,2.0,4.0
697,7,KOR,12,5,12,29,1992,12.0,10.0,11.0,33.0
698,8,HUN,11,12,7,30,1992,11.0,6.0,6.0,23.0
699,9,FRA,8,5,16,29,1992,6.0,4.0,6.0,16.0
700,10,AUS,7,9,11,27,1992,3.0,6.0,5.0,14.0
701,11,CAN,7,4,7,18,1992,3.0,2.0,5.0,10.0
702,12,ITA,6,5,8,19,1992,6.0,4.0,4.0,14.0
703,13,GBR,5,3,12,20,1992,5.0,10.0,9.0,24.0
704,14,ROU,4,6,8,18,1992,7.0,11.0,6.0,24.0
705,15,TCH,4,2,1,7,1992,3.0,3.0,2.0,8.0
706,16,PRK,4,0,5,9,1992,0.0,3.0,2.0,5.0
707,17,JPN,3,8,11,22,1992,4.0,3.0,7.0,14.0
708,18,BUL,3,7,6,16,1992,10.0,12.0,13.0,35.0
709,19,POL,3,6,10,19,1992,2.0,5.0,9.0,16.0
710,20,NED,2,6,7,15,1992,2.0,2.0,5.0,9.0
711,21,KEN,2,4,2,8,1992,5.0,2.0,2.0,9.0
712,22,NOR,2,4,1,7,1992,2.0,3.0,0.0,5.0
713,23,TUR,2,2,2,6,1992,1.0,1.0,0.0,2.0
714,24,INA,2,2,1,5,1992,0.0,1.0,0.0,1.0
715,25,BRA,2,1,0,3,1992,1.0,2.0,3.0,6.0
716,26,GRE,2,0,0,2,1992,0.0,0.0,1.0,1.0
717,27,SWE,1,7,4,12,1992,0.0,4.0,7.0,11.0
718,28,NZL,1,4,5,10,1992,3.0,2.0,8.0,13.0
719,29,FIN,1,2,2,5,1992,1.0,1.0,2.0,4.0
720,30,DEN,1,1,4,6,1992,2.0,1.0,1.0,4.0
721,31,MAR,1,1,1,3,1992,1.0,0.0,2.0,3.0
722,32,IRL,1,1,0,2,1992,0.0,1.0,0.0,1.0
723,33,ETH,1,0,2,3,1992,2.0,0.0,2.0,4.0
724,34,ALG,1,0,1,2,1992,0.0,0.0,2.0,2.0
725,34,EST,1,0,1,2,1992,2.0,2.0,3.0,7.0
726,34,LTU,1,0,1,2,1992,,,,
727,37,SUI,1,0,0,1,1992,0.0,2.0,2.0,4.0
728,38,JAM,0,3,1,4,1992,0.0,2.0,0.0,2.0
729,38,NGR,0,3,1,4,1992,0.0,1.0,1.0,2.0
730,40,LAT,0,2,1,3,1992,0.0,1.0,1.0,2.0
731,41,AUT,0,2,0,2,1992,1.0,0.0,0.0,1.0
732,41,NAM,0,2,0,2,1992,,,,
733,41,RSA,0,2,0,2,1992,0.0,1.0,2.0,3.0
734,44,BEL,0,1,2,3,1992,0.0,0.0,2.0,2.0
735,44,CRO,0,1,2,3,1992,,,,
736,44,IRI,0,1,2,3,1992,0.0,1.0,0.0,1.0
737,48,ISR,0,1,1,2,1992,,,,
738,49,MEX,0,1,0,1,1992,0.0,0.0,2.0,2.0
739,49,PER,0,1,0,1,1992,0.0,1.0,0.0,1.0
740,49,TPE,0,1,0,1,1992,0.0,0.0,1.0,1.0
741,52,MGL,0,0,2,2,1992,0.0,0.0,1.0,1.0
742,52,SLO,0,0,2,2,1992,,,,
743,54,ARG,0,0,1,1,1992,0.0,1.0,1.0,2.0
744,54,BAH,0,0,1,1,1992,1.0,0.0,0.0,1.0
745,54,COL,0,0,1,1,1992,0.0,0.0,1.0,1.0
746,54,GHA,0,0,1,1,1992,0.0,0.0,1.0,1.0
747,54,MAS,0,0,1,1,1992,,,,
748,54,PAK,0,0,1,1,1992,0.0,0.0,1.0,1.0
749,54,PHI,0,0,1,1,1992,0.0,0.0,1.0,1.0
750,54,PUR,0,0,1,1,1992,0.0,1.0,1.0,2.0
751,54,QAT,0,0,1,1,1992,,,,
752,54,SUR,0,0,1,1,1992,1.0,0.0,0.0,1.0
753,54,THA,0,0,1,1,1992,0.0,0.0,1.0,1.0
754,1,USA,44,32,25,101,1996,37.0,34.0,37.0,108.0
755,2,RUS,26,21,16,63,1996,0.0,2.0,3.0,5.0
756,3,GER,20,18,27,65,1996,33.0,21.0,28.0,82.0
757,4,CHN,16,22,12,50,1996,16.0,22.0,16.0,54.0
758,5,FRA,15,7,15,37,1996,8.0,5.0,16.0,29.0
759,6,ITA,13,10,12,35,1996,6.0,5.0,8.0,19.0
760,7,AUS,9,9,23,41,1996,7.0,9.0,11.0,27.0
761,8,CUB,9,8,8,25,1996,14.0,6.0,11.0,31.0
762,9,UKR,9,2,12,23,1996,,,,
763,10,KOR,7,15,5,27,1996,12.0,5.0,12.0,29.0
764,11,POL,7,5,5,17,1996,3.0,6.0,10.0,19.0
765,12,HUN,7,4,10,21,1996,11.0,12.0,7.0,30.0
766,13,ESP,5,6,6,17,1996,13.0,7.0,2.0,22.0
767,14,ROU,4,7,9,20,1996,4.0,6.0,8.0,18.0
768,15,NED,4,5,10,19,1996,2.0,6.0,7.0,15.0
769,16,GRE,4,4,0,8,1996,2.0,0.0,0.0,2.0
770,17,CZE,4,3,4,11,1996,,,,
771,18,SUI,4,3,0,7,1996,1.0,0.0,0.0,1.0
772,19,DEN,4,1,1,6,1996,1.0,1.0,4.0,6.0
773,19,TUR,4,1,1,6,1996,2.0,2.0,2.0,6.0
774,21,CAN,3,11,8,22,1996,7.0,4.0,7.0,18.0
775,22,BUL,3,7,5,15,1996,3.0,7.0,6.0,16.0
776,23,JPN,3,6,5,14,1996,3.0,8.0,11.0,22.0
777,24,KAZ,3,4,4,11,1996,,,,
778,25,BRA,3,3,9,15,1996,2.0,1.0,0.0,3.0
779,26,NZL,3,2,1,6,1996,1.0,4.0,5.0,10.0
780,27,RSA,3,1,1,5,1996,0.0,2.0,0.0,2.0
781,28,IRL,3,0,1,4,1996,1.0,1.0,0.0,2.0
782,29,SWE,2,4,2,8,1996,1.0,7.0,4.0,12.0
783,30,NOR,2,2,3,7,1996,2.0,4.0,1.0,7.0
784,31,BEL,2,2,2,6,1996,0.0,1.0,2.0,3.0
785,32,NGR,2,1,3,6,1996,0.0,3.0,1.0,4.0
786,33,PRK,2,1,2,5,1996,4.0,0.0,5.0,9.0
787,34,ALG,2,0,1,3,1996,1.0,0.0,1.0,2.0
788,34,ETH,2,0,1,3,1996,1.0,0.0,2.0,3.0
789,36,GBR,1,8,6,15,1996,5.0,3.0,12.0,20.0
790,37,BLR,1,6,8,15,1996,,,,
791,38,KEN,1,4,3,8,1996,2.0,4.0,2.0,8.0
792,39,JAM,1,3,2,6,1996,0.0,3.0,1.0,4.0
793,40,FIN,1,2,1,4,1996,1.0,2.0,2.0,5.0
794,41,YUG,1,1,2,4,1996,3.0,4.0,5.0,12.0
795,41,INA,1,1,2,4,1996,2.0,2.0,1.0,5.0
796,43,IRI,1,1,1,3,1996,0.0,1.0,2.0,3.0
797,43,SVK,1,1,1,3,1996,,,,
798,45,ARM,1,1,0,2,1996,,,,
799,45,CRO,1,1,0,2,1996,0.0,1.0,2.0,3.0
800,47,POR,1,0,1,2,1996,1.0,0.0,0.0,1.0
801,47,THA,1,0,1,2,1996,0.0,0.0,1.0,1.0
802,49,BDI,1,0,0,1,1996,,,,
803,49,CRC,1,0,0,1,1996,0.0,1.0,0.0,1.0
804,49,ECU,1,0,0,1,1996,,,,
805,49,HKG,1,0,0,1,1996,,,,
806,49,SYR,1,0,0,1,1996,0.0,1.0,0.0,1.0
807,54,ARG,0,2,1,3,1996,0.0,0.0,1.0,1.0
808,55,NAM,0,2,0,2,1996,0.0,2.0,0.0,2.0
809,55,SLO,0,2,0,2,1996,0.0,0.0,2.0,2.0
810,57,AUT,0,1,2,3,1996,0.0,2.0,0.0,2.0
811,58,MAS,0,1,1,2,1996,0.0,0.0,1.0,1.0
812,58,MDA,0,1,1,2,1996,,,,
813,58,UZB,0,1,1,2,1996,,,,
814,61,AZE,0,1,0,1,1996,,,,
815,61,BAH,0,1,0,1,1996,0.0,0.0,1.0,1.0
816,61,LAT,0,1,0,1,1996,0.0,2.0,1.0,3.0
817,61,PHI,0,1,0,1,1996,0.0,0.0,1.0,1.0
818,61,TGA,0,1,0,1,1996,,,,
819,61,TPE,0,1,0,1,1996,0.0,1.0,0.0,1.0
820,61,ZAM,0,1,0,1,1996,0.0,0.0,1.0,1.0
821,68,GEO,0,0,2,2,1996,,,,
822,68,MAR,0,0,2,2,1996,1.0,1.0,1.0,3.0
823,68,TTO,0,0,2,2,1996,1.0,0.0,0.0,1.0
824,71,IND,0,0,1,1,1996,1.0,0.0,0.0,1.0
825,71,ISR,0,0,1,1,1996,0.0,1.0,1.0,2.0
826,71,LTU,0,0,1,1,1996,1.0,0.0,1.0,2.0
827,71,MEX,0,0,1,1,1996,0.0,1.0,0.0,1.0
828,71,MGL,0,0,1,1,1996,0.0,0.0,2.0,2.0
829,71,MOZ,0,0,1,1,1996,,,,
830,71,PUR,0,0,1,1,1996,0.0,0.0,1.0,1.0
831,71,TUN,0,0,1,1,1996,0.0,1.0,0.0,1.0
832,71,UGA,0,0,1,1,1996,0.0,1.0,0.0,1.0
833,1,USA,37,24,32,93,2000,44.0,32.0,25.0,101.0
834,2,RUS,32,28,29,89,2000,26.0,21.0,16.0,63.0
835,3,CHN,28,16,14,58,2000,16.0,22.0,12.0,50.0
836,4,AUS,16,25,17,58,2000,9.0,9.0,23.0,41.0
837,5,GER,13,17,26,56,2000,20.0,18.0,27.0,65.0
838,6,FRA,13,14,11,38,2000,15.0,7.0,15.0,37.0
839,7,ITA,13,8,13,34,2000,13.0,10.0,12.0,35.0
840,8,NED,12,9,4,25,2000,4.0,5.0,10.0,19.0
841,9,CUB,11,11,7,29,2000,9.0,8.0,8.0,25.0
842,10,GBR,11,10,7,28,2000,1.0,8.0,6.0,15.0
843,11,ROU,11,6,9,26,2000,4.0,7.0,9.0,20.0
844,12,KOR,8,10,10,28,2000,7.0,15.0,5.0,27.0
845,13,HUN,8,6,3,17,2000,7.0,4.0,10.0,21.0
846,14,POL,6,5,3,14,2000,7.0,5.0,5.0,17.0
847,15,JPN,5,8,5,18,2000,3.0,6.0,5.0,14.0
848,16,BUL,5,6,2,13,2000,3.0,7.0,5.0,15.0
849,17,GRE,4,6,3,13,2000,4.0,4.0,0.0,8.0
850,18,SWE,4,5,3,12,2000,2.0,4.0,2.0,8.0
851,19,NOR,4,3,3,10,2000,2.0,2.0,3.0,7.0
852,20,ETH,4,1,3,8,2000,2.0,0.0,1.0,3.0
853,21,UKR,3,10,10,23,2000,9.0,2.0,12.0,23.0
854,22,KAZ,3,4,0,7,2000,3.0,4.0,4.0,11.0
855,23,BLR,3,3,11,17,2000,1.0,6.0,8.0,15.0
856,24,CAN,3,3,8,14,2000,3.0,11.0,8.0,22.0
857,25,ESP,3,3,5,11,2000,5.0,6.0,6.0,17.0
858,26,TUR,3,0,2,5,2000,4.0,1.0,1.0,6.0
859,27,IRI,3,0,1,4,2000,1.0,1.0,1.0,3.0
860,28,CZE,2,3,3,8,2000,4.0,3.0,4.0,11.0
861,29,KEN,2,3,2,7,2000,1.0,4.0,3.0,8.0
862,30,DEN,2,3,1,6,2000,4.0,1.0,1.0,6.0
863,31,FIN,2,1,1,4,2000,1.0,2.0,1.0,4.0
864,32,AUT,2,1,0,3,2000,0.0,1.0,2.0,3.0
865,33,LTU,2,0,3,5,2000,0.0,0.0,1.0,1.0
866,34,AZE,2,0,1,3,2000,0.0,1.0,0.0,1.0
867,34,BAH,2,0,1,3,2000,0.0,1.0,0.0,1.0
868,36,SLO,2,0,0,2,2000,0.0,2.0,0.0,2.0
869,37,SUI,1,6,2,9,2000,4.0,3.0,0.0,7.0
870,38,INA,1,3,2,6,2000,1.0,1.0,2.0,4.0
871,39,SVK,1,3,1,5,2000,1.0,1.0,1.0,3.0
872,40,MEX,1,2,3,6,2000,0.0,0.0,1.0,1.0
873,41,NGR,1,2,0,3,2000,2.0,1.0,3.0,6.0
874,42,ALG,1,1,3,5,2000,2.0,0.0,1.0,3.0
875,43,UZB,1,1,2,4,2000,0.0,1.0,1.0,2.0
876,44,YUG,1,1,1,3,2000,1.0,1.0,2.0,4.0
877,44,LAT,1,1,1,3,2000,0.0,1.0,0.0,1.0
878,46,NZL,1,0,3,4,2000,3.0,2.0,1.0,6.0
879,47,EST,1,0,2,3,2000,1.0,0.0,1.0,2.0
880,47,THA,1,0,2,3,2000,1.0,0.0,1.0,2.0
881,49,CRO,1,0,1,2,2000,1.0,1.0,0.0,2.0
882,50,CMR,1,0,0,1,2000,0.0,0.0,1.0,1.0
883,50,COL,1,0,0,1,2000,0.0,0.0,1.0,1.0
884,50,MOZ,1,0,0,1,2000,0.0,0.0,1.0,1.0
885,53,BRA,0,6,6,12,2000,3.0,3.0,9.0,15.0
886,54,JAM,0,6,3,9,2000,1.0,3.0,2.0,6.0
887,55,BEL,0,2,3,5,2000,2.0,2.0,2.0,6.0
888,55,RSA,0,2,3,5,2000,3.0,1.0,1.0,5.0
889,57,ARG,0,2,2,4,2000,0.0,2.0,1.0,3.0
890,58,MAR,0,1,4,5,2000,0.0,0.0,2.0,2.0
891,58,TPE,0,1,4,5,2000,0.0,1.0,0.0,1.0
892,60,PRK,0,1,3,4,2000,2.0,1.0,2.0,5.0
893,61,KSA,0,1,1,2,2000,,,,
894,61,MDA,0,1,1,2,2000,0.0,1.0,1.0,2.0
895,61,TTO,0,1,1,2,2000,0.0,0.0,2.0,2.0
896,64,IRL,0,1,0,1,2000,3.0,0.0,1.0,4.0
897,64,SRI,0,1,0,1,2000,0.0,1.0,0.0,1.0
898,64,URU,0,1,0,1,2000,0.0,0.0,1.0,1.0
899,64,VIE,0,1,0,1,2000,,,,
900,68,GEO,0,0,6,6,2000,0.0,0.0,2.0,2.0
901,69,CRC,0,0,2,2,2000,1.0,0.0,0.0,1.0
902,69,POR,0,0,2,2,2000,1.0,0.0,1.0,2.0
903,71,ARM,0,0,1,1,2000,1.0,1.0,0.0,2.0
904,71,BAR,0,0,1,1,2000,,,,
905,71,CHI,0,0,1,1,2000,0.0,1.0,0.0,1.0
906,71,IND,0,0,1,1,2000,0.0,0.0,1.0,1.0
907,71,ISL,0,0,1,1,2000,0.0,0.0,1.0,1.0
908,71,ISR,0,0,1,1,2000,0.0,0.0,1.0,1.0
909,71,KGZ,0,0,1,1,2000,,,,
910,71,KUW,0,0,1,1,2000,,,,
911,71,MKD,0,0,1,1,2000,,,,
912,71,QAT,0,0,1,1,2000,0.0,0.0,1.0,1.0
913,1,USA,36,39,26,101,2004,37.0,24.0,32.0,93.0
914,2,CHN,32,17,14,63,2004,28.0,16.0,14.0,58.0
915,3,RUS,28,26,36,90,2004,32.0,28.0,29.0,89.0
916,4,AUS,17,16,17,50,2004,16.0,25.0,17.0,58.0
917,5,JPN,16,9,12,37,2004,5.0,8.0,5.0,18.0
918,6,GER,13,16,20,49,2004,13.0,17.0,26.0,56.0
919,7,FRA,11,9,13,33,2004,13.0,14.0,11.0,38.0
920,8,ITA,10,11,11,32,2004,13.0,8.0,13.0,34.0
921,9,KOR,9,12,9,30,2004,8.0,10.0,10.0,28.0
922,10,GBR,9,9,12,30,2004,11.0,10.0,7.0,28.0
923,11,CUB,9,7,11,27,2004,11.0,11.0,7.0,29.0
924,12,HUN,8,6,3,17,2004,8.0,6.0,3.0,17.0
925,13,UKR,8,5,9,22,2004,3.0,10.0,10.0,23.0
926,14,ROU,8,5,6,19,2004,11.0,6.0,9.0,26.0
927,15,GRE,6,6,4,16,2004,4.0,6.0,3.0,13.0
928,16,BRA,5,2,3,10,2004,0.0,6.0,6.0,12.0
929,17,NOR,5,0,1,6,2004,4.0,3.0,3.0,10.0
930,18,NED,4,9,9,22,2004,12.0,9.0,4.0,25.0
931,19,SWE,4,2,1,7,2004,4.0,5.0,3.0,12.0
932,20,ESP,3,11,6,20,2004,3.0,3.0,5.0,11.0
933,21,CAN,3,6,3,12,2004,3.0,3.0,8.0,14.0
934,22,TUR,3,3,4,10,2004,3.0,0.0,2.0,5.0
935,23,POL,3,2,5,10,2004,6.0,5.0,3.0,14.0
936,24,NZL,3,2,0,5,2004,1.0,0.0,3.0,4.0
937,25,THA,3,1,4,8,2004,1.0,0.0,2.0,3.0
938,26,BLR,2,5,6,13,2004,3.0,3.0,11.0,17.0
939,27,AUT,2,4,1,7,2004,2.0,1.0,0.0,3.0
940,28,ETH,2,3,2,7,2004,4.0,1.0,3.0,8.0
941,29,IRI,2,2,2,6,2004,3.0,0.0,1.0,4.0
942,29,SVK,2,2,2,6,2004,1.0,3.0,1.0,5.0
943,31,TPE,2,2,1,5,2004,0.0,1.0,4.0,5.0
944,32,GEO,2,2,0,4,2004,0.0,0.0,6.0,6.0
945,33,BUL,2,1,9,12,2004,5.0,6.0,2.0,13.0
946,34,DEN,2,1,5,8,2004,2.0,3.0,1.0,6.0
947,35,JAM,2,1,2,5,2004,0.0,6.0,3.0,9.0
948,35,UZB,2,1,2,5,2004,1.0,1.0,2.0,4.0
949,37,MAR,2,1,0,3,2004,0.0,1.0,4.0,5.0
950,38,ARG,2,0,4,6,2004,0.0,2.0,2.0,4.0
951,39,CHI,2,0,1,3,2004,0.0,0.0,1.0,1.0
952,40,KAZ,1,4,3,8,2004,3.0,4.0,0.0,7.0
953,41,KEN,1,4,2,7,2004,2.0,3.0,2.0,7.0
954,42,CZE,1,3,5,9,2004,2.0,3.0,3.0,8.0
955,43,RSA,1,3,2,6,2004,0.0,2.0,3.0,5.0
956,44,CRO,1,2,2,5,2004,1.0,0.0,1.0,2.0
957,45,LTU,1,2,0,3,2004,2.0,0.0,3.0,5.0
958,46,EGY,1,1,3,5,2004,0.0,1.0,0.0,1.0
959,46,SUI,1,1,3,5,2004,1.0,6.0,2.0,9.0
960,48,INA,1,1,2,4,2004,1.0,3.0,2.0,6.0
961,49,ZIM,1,1,1,3,2004,1.0,0.0,0.0,1.0
962,50,AZE,1,0,4,5,2004,2.0,0.0,1.0,3.0
963,51,BEL,1,0,2,3,2004,0.0,2.0,3.0,5.0
964,52,BAH,1,0,1,2,2004,2.0,0.0,1.0,3.0
965,52,ISR,1,0,1,2,2004,0.0,0.0,1.0,1.0
966,54,CMR,1,0,0,1,2004,1.0,0.0,0.0,1.0
967,54,DOM,1,0,0,1,2004,0.0,0.0,1.0,1.0
968,54,UAE,1,0,0,1,2004,,,,
969,57,PRK,0,4,1,5,2004,0.0,1.0,3.0,4.0
970,58,LAT,0,4,0,4,2004,1.0,1.0,1.0,3.0
971,59,MEX,0,3,1,4,2004,1.0,2.0,3.0,6.0
972,60,POR,0,2,1,3,2004,0.0,0.0,2.0,2.0
973,61,FIN,0,2,0,2,2004,2.0,1.0,1.0,4.0
974,61,SCG,0,2,0,2,2004,,,,
975,63,SLO,0,1,3,4,2004,2.0,0.0,0.0,2.0
976,64,EST,0,1,2,3,2004,1.0,0.0,2.0,3.0
977,65,HKG,0,1,0,1,2004,1.0,0.0,0.0,1.0
978,65,IND,0,1,0,1,2004,0.0,0.0,1.0,1.0
979,65,PAR,0,1,0,1,2004,,,,
980,68,COL,0,0,2,2,2004,1.0,0.0,0.0,1.0
981,68,NGR,0,0,2,2,2004,1.0,2.0,0.0,3.0
982,68,VEN,0,0,2,2,2004,0.0,0.0,3.0,3.0
983,71,ERI,0,0,1,1,2004,,,,
984,71,MGL,0,0,1,1,2004,0.0,0.0,1.0,1.0
985,71,SYR,0,0,1,1,2004,1.0,0.0,0.0,1.0
986,71,TTO,0,0,1,1,2004,0.0,1.0,1.0,2.0
987,1,CHN,48,22,30,100,2008,32.0,17.0,14.0,63.0
988,2,USA,36,39,37,112,2008,36.0,39.0,26.0,101.0
989,3,RUS,24,13,23,60,2008,28.0,26.0,36.0,90.0
990,4,GBR,19,13,19,51,2008,9.0,9.0,12.0,30.0
991,5,GER,16,11,14,41,2008,13.0,16.0,20.0,49.0
992,6,AUS,14,15,17,46,2008,17.0,16.0,17.0,50.0
993,7,KOR,13,11,8,32,2008,9.0,12.0,9.0,30.0
994,8,JPN,9,8,8,25,2008,16.0,9.0,12.0,37.0
995,9,ITA,8,9,10,27,2008,10.0,11.0,11.0,32.0
996,10,FRA,7,16,20,43,2008,11.0,9.0,13.0,33.0
997,11,NED,7,5,4,16,2008,4.0,9.0,9.0,22.0
998,12,UKR,7,4,11,22,2008,8.0,5.0,9.0,22.0
999,13,KEN,6,4,6,16,2008,1.0,4.0,2.0,7.0
1000,14,ESP,5,11,3,19,2008,3.0,11.0,6.0,20.0
1001,15,JAM,5,4,2,11,2008,2.0,1.0,2.0,5.0
1002,16,POL,4,5,2,11,2008,3.0,2.0,5.0,10.0
1003,17,ETH,4,2,1,7,2008,2.0,3.0,2.0,7.0
1004,18,ROU,4,1,4,9,2008,8.0,5.0,6.0,19.0
1005,19,CUB,3,10,17,30,2008,9.0,7.0,11.0,27.0
1006,20,CAN,3,9,8,20,2008,3.0,6.0,3.0,12.0
1007,21,HUN,3,5,2,10,2008,8.0,6.0,3.0,17.0
1008,22,NOR,3,5,1,9,2008,5.0,0.0,1.0,6.0
1009,23,BRA,3,4,10,17,2008,5.0,2.0,3.0,10.0
1010,24,BLR,3,4,7,14,2008,2.0,5.0,6.0,13.0
1011,25,CZE,3,3,1,7,2008,1.0,3.0,5.0,9.0
1012,26,SVK,3,3,0,6,2008,2.0,2.0,2.0,6.0
1013,27,NZL,3,2,4,9,2008,3.0,2.0,0.0,5.0
1014,28,GEO,3,2,2,7,2008,2.0,2.0,0.0,4.0
1015,29,KAZ,2,3,4,9,2008,1.0,4.0,3.0,8.0
1016,30,DEN,2,2,3,7,2008,2.0,1.0,5.0,8.0
1017,31,PRK,2,2,2,6,2008,0.0,4.0,1.0,5.0
1018,31,THA,2,2,2,6,2008,3.0,1.0,4.0,8.0
1019,33,MGL,2,2,0,4,2008,0.0,0.0,1.0,1.0
1020,34,SUI,2,1,4,7,2008,1.0,1.0,3.0,5.0
1021,35,ARG,2,0,4,6,2008,2.0,0.0,4.0,6.0
1022,36,MEX,2,0,2,4,2008,0.0,3.0,1.0,4.0
1023,37,BEL,2,0,0,2,2008,1.0,0.0,2.0,3.0
1024,38,ZIM,1,3,0,4,2008,1.0,1.0,1.0,3.0
1025,39,SLO,1,2,2,5,2008,0.0,1.0,3.0,4.0
1026,40,AZE,1,1,4,6,2008,1.0,0.0,4.0,5.0
1027,40,INA,1,1,4,6,2008,1.0,1.0,2.0,4.0
1028,42,BUL,1,1,3,5,2008,2.0,1.0,9.0,12.0
1029,42,TUR,1,1,3,5,2008,3.0,3.0,4.0,10.0
1030,44,FIN,1,1,2,4,2008,0.0,2.0,0.0,2.0
1031,44,TPE,1,1,2,4,2008,2.0,2.0,1.0,5.0
1032,46,LAT,1,1,1,3,2008,0.0,4.0,0.0,4.0
1033,47,DOM,1,1,0,2,2008,1.0,0.0,0.0,1.0
1034,47,EST,1,1,0,2,2008,0.0,1.0,2.0,3.0
1035,47,POR,1,1,0,2,2008,0.0,2.0,1.0,3.0
1036,47,TTO,1,1,0,2,2008,0.0,0.0,1.0,1.0
1037,51,IND,1,0,2,3,2008,0.0,1.0,0.0,1.0
1038,52,IRI,1,0,1,2,2008,2.0,2.0,2.0,6.0
1039,53,CMR,1,0,0,1,2008,1.0,0.0,0.0,1.0
1040,53,PAN,1,0,0,1,2008,0.0,0.0,2.0,2.0
1041,53,TUN,1,0,0,1,2008,0.0,0.0,1.0,1.0
1042,56,SWE,0,4,1,5,2008,4.0,2.0,1.0,7.0
1043,57,LTU,0,3,2,5,2008,1.0,2.0,0.0,3.0
1044,57,NGR,0,3,2,5,2008,0.0,0.0,2.0,2.0
1045,59,CRO,0,2,3,5,2008,1.0,2.0,2.0,5.0
1046,60,COL,0,2,1,3,2008,0.0,0.0,2.0,2.0
1047,60,GRE,0,2,1,3,2008,6.0,6.0,4.0,16.0
1048,62,ARM,0,1,4,5,2008,0.0,0.0,1.0,1.0
1049,63,UZB,0,1,3,4,2008,2.0,1.0,2.0,5.0
1050,64,AUT,0,1,2,3,2008,2.0,4.0,1.0,7.0
1051,64,IRL,0,1,2,3,2008,0.0,1.0,0.0,1.0
1052,64,KGZ,0,1,2,3,2008,0.0,0.0,1.0,1.0
1053,64,SRB,0,1,2,3,2008,,,,
1054,68,ALG,0,1,1,2,2008,1.0,1.0,3.0,5.0
1055,68,BAH,0,1,1,2,2008,1.0,0.0,1.0,2.0
1056,68,MAR,0,1,1,2,2008,2.0,1.0,0.0,3.0
1057,68,TJK,0,1,1,2,2008,,,,
1058,72,CHI,0,1,0,1,2008,2.0,0.0,1.0,3.0
1059,72,ECU,0,1,0,1,2008,1.0,0.0,0.0,1.0
1060,72,ISL,0,1,0,1,2008,0.0,0.0,1.0,1.0
1061,72,MAS,0,1,0,1,2008,0.0,1.0,1.0,2.0
1062,72,RSA,0,1,0,1,2008,1.0,3.0,2.0,6.0
1063,72,SAM,0,1,0,1,2008,,,,
1064,72,SGP,0,1,0,1,2008,0.0,1.0,0.0,1.0
1065,72,SUD,0,1,0,1,2008,,,,
1066,72,VIE,0,1,0,1,2008,0.0,1.0,0.0,1.0
1067,81,EGY,0,0,2,2,2008,1.0,1.0,3.0,5.0
1068,82,AFG,0,0,1,1,2008,,,,
1069,82,ISR,0,0,1,1,2008,1.0,0.0,1.0,2.0
1070,82,MDA,0,0,1,1,2008,0.0,1.0,1.0,2.0
1071,82,MRI,0,0,1,1,2008,,,,
1072,82,TOG,0,0,1,1,2008,,,,
1073,82,VEN,0,0,1,1,2008,0.0,0.0,2.0,2.0
1074,1,USA,48,26,30,104,2012,36.0,39.0,37.0,112.0
1075,2,CHN,39,31,22,92,2012,48.0,22.0,30.0,100.0
1076,3,GBR,29,18,18,65,2012,19.0,13.0,19.0,51.0
1077,4,RUS,18,21,26,65,2012,24.0,13.0,23.0,60.0
1078,5,KOR,13,9,9,31,2012,13.0,11.0,8.0,32.0
1079,6,GER,11,20,13,44,2012,16.0,11.0,14.0,41.0
1080,7,FRA,11,11,13,35,2012,7.0,16.0,20.0,43.0
1081,8,AUS,8,15,12,35,2012,14.0,15.0,17.0,46.0
1082,9,ITA,8,9,11,28,2012,8.0,9.0,10.0,27.0
1083,10,HUN,8,4,6,18,2012,3.0,5.0,2.0,10.0
1084,11,JPN,7,14,17,38,2012,9.0,8.0,8.0,25.0
1085,12,IRI,7,5,1,13,2012,1.0,0.0,1.0,2.0
1086,13,NED,6,6,8,20,2012,7.0,5.0,4.0,16.0
1087,14,NZL,6,2,5,13,2012,3.0,2.0,4.0,9.0
1088,15,UKR,5,4,10,19,2012,7.0,4.0,11.0,22.0
1089,16,CUB,5,3,7,15,2012,3.0,10.0,17.0,30.0
1090,17,ESP,4,10,6,20,2012,5.0,11.0,3.0,19.0
1091,18,JAM,4,5,4,13,2012,5.0,4.0,2.0,11.0
1092,19,CZE,4,4,3,11,2012,3.0,3.0,1.0,7.0
1093,20,RSA,4,1,1,6,2012,0.0,1.0,0.0,1.0
1094,21,PRK,4,0,2,6,2012,2.0,2.0,2.0,6.0
1095,22,BRA,3,5,9,17,2012,3.0,4.0,10.0,17.0
1096,23,KAZ,3,2,6,11,2012,2.0,3.0,4.0,9.0
1097,23,POL,3,2,6,11,2012,4.0,5.0,2.0,11.0
1098,25,ETH,3,2,3,8,2012,4.0,2.0,1.0,7.0
1099,26,CRO,3,1,2,6,2012,0.0,2.0,3.0,5.0
1100,27,CAN,2,6,10,18,2012,3.0,9.0,8.0,20.0
1101,28,BLR,2,5,3,10,2012,3.0,4.0,7.0,14.0
1102,29,KEN,2,4,7,13,2012,6.0,4.0,6.0,16.0
1103,30,DEN,2,4,3,9,2012,2.0,2.0,3.0,7.0
1104,31,ROU,2,4,1,7,2012,4.0,1.0,4.0,9.0
1105,32,AZE,2,2,5,9,2012,1.0,1.0,4.0,6.0
1106,33,SUI,2,2,0,4,2012,2.0,1.0,4.0,7.0
1107,34,NOR,2,1,1,4,2012,3.0,5.0,1.0,9.0
1108,35,LTU,2,0,3,5,2012,0.0,3.0,2.0,5.0
1109,36,TUN,2,0,1,3,2012,1.0,0.0,0.0,1.0
1110,37,SWE,1,4,3,8,2012,0.0,4.0,1.0,5.0
1111,38,COL,1,3,5,9,2012,0.0,2.0,1.0,3.0
1112,39,MEX,1,3,4,8,2012,2.0,0.0,2.0,4.0
1113,40,GEO,1,2,3,6,2012,3.0,2.0,2.0,7.0
1114,41,IRL,1,1,4,6,2012,0.0,1.0,2.0,3.0
1115,42,ARG,1,1,2,4,2012,2.0,0.0,4.0,6.0
1116,42,SLO,1,1,2,4,2012,1.0,2.0,2.0,5.0
1117,42,SRB,1,1,2,4,2012,0.0,1.0,2.0,3.0
1118,42,TTO,1,1,2,4,2012,1.0,1.0,0.0,2.0
1119,46,TUR,1,1,1,3,2012,1.0,1.0,3.0,5.0
1120,47,DOM,1,1,0,2,2012,1.0,1.0,0.0,2.0
1121,48,LAT,1,0,1,2,2012,1.0,1.0,1.0,3.0
1122,48,TPE,1,0,1,2,2012,1.0,1.0,2.0,4.0
1123,50,ALG,1,0,0,1,2012,0.0,1.0,1.0,2.0
1124,50,BAH,1,0,0,1,2012,0.0,1.0,1.0,2.0
1125,50,BRN,1,0,0,1,2012,,,,
1126,50,GRN,1,0,0,1,2012,,,,
1127,50,UGA,1,0,0,1,2012,0.0,0.0,1.0,1.0
1128,50,VEN,1,0,0,1,2012,0.0,0.0,1.0,1.0
1129,56,EGY,0,3,1,4,2012,0.0,0.0,2.0,2.0
1130,57,IND,0,2,4,6,2012,1.0,0.0,2.0,3.0
1131,58,MGL,0,2,3,5,2012,2.0,2.0,0.0,4.0
1132,59,THA,0,2,2,4,2012,2.0,2.0,2.0,6.0
1133,60,BUL,0,2,1,3,2012,1.0,1.0,3.0,5.0
1134,60,FIN,0,2,1,3,2012,1.0,1.0,2.0,4.0
1135,60,INA,0,2,1,3,2012,1.0,1.0,4.0,6.0
1136,63,SVK,0,1,3,4,2012,3.0,3.0,0.0,6.0
1137,64,BEL,0,1,2,3,2012,2.0,0.0,0.0,2.0
1138,65,ARM,0,1,1,2,2012,0.0,1.0,4.0,5.0
1139,65,EST,0,1,1,2,2012,1.0,1.0,0.0,2.0
1140,65,MAS,0,1,1,2,2012,0.0,1.0,0.0,1.0
1141,65,PUR,0,1,1,2,2012,0.0,0.0,1.0,1.0
1142,65,QAT,0,1,1,2,2012,0.0,0.0,1.0,1.0
1143,70,BOT,0,1,0,1,2012,,,,
1144,70,CYP,0,1,0,1,2012,,,,
1145,70,GAB,0,1,0,1,2012,,,,
1146,70,GUA,0,1,0,1,2012,,,,
1147,70,MNE,0,1,0,1,2012,,,,
1148,70,POR,0,1,0,1,2012,1.0,1.0,0.0,2.0
1149,76,UZB,0,0,3,3,2012,0.0,1.0,3.0,4.0
1150,77,GRE,0,0,2,2,2012,0.0,2.0,1.0,3.0
1151,77,SGP,0,0,2,2,2012,0.0,1.0,0.0,1.0
1152,79,AFG,0,0,1,1,2012,0.0,0.0,1.0,1.0
1153,79,CMR,0,0,1,1,2012,1.0,0.0,0.0,1.0
1154,79,HKG,0,0,1,1,2012,0.0,1.0,0.0,1.0
1155,79,KSA,0,0,1,1,2012,0.0,1.0,1.0,2.0
1156,79,KUW,0,0,1,1,2012,0.0,0.0,1.0,1.0
1157,79,MAR,0,0,1,1,2012,0.0,1.0,1.0,2.0
1158,79,TJK,0,0,1,1,2012,0.0,1.0,1.0,2.0
1159,79,VIE,0,0,1,1,2012,0.0,1.0,0.0,1.0
1160,1,USA,46,37,38,121,2016,48.0,26.0,30.0,104.0
1161,2,GBR,27,23,17,67,2016,29.0,18.0,18.0,65.0
1162,3,CHN,26,18,26,70,2016,39.0,31.0,22.0,92.0
1163,4,RUS,19,17,20,56,2016,18.0,21.0,26.0,65.0
1164,5,GER,17,10,15,42,2016,11.0,20.0,13.0,44.0
1165,6,JPN,12,8,21,41,2016,7.0,14.0,17.0,38.0
1166,7,FRA,10,18,14,42,2016,11.0,11.0,13.0,35.0
1167,8,KOR,9,3,9,21,2016,13.0,9.0,9.0,31.0
1168,9,ITA,8,12,8,28,2016,8.0,9.0,11.0,28.0
1169,10,AUS,8,11,10,29,2016,8.0,15.0,12.0,35.0
1170,11,NED,8,7,4,19,2016,6.0,6.0,8.0,20.0
1171,12,HUN,8,3,4,15,2016,8.0,4.0,6.0,18.0
1172,13,BRA,7,6,6,19,2016,3.0,5.0,9.0,17.0
1173,14,ESP,7,4,6,17,2016,4.0,10.0,6.0,20.0
1174,15,KEN,6,6,1,13,2016,2.0,4.0,7.0,13.0
1175,16,JAM,6,3,2,11,2016,4.0,5.0,4.0,13.0
1176,17,CRO,5,3,2,10,2016,3.0,1.0,2.0,6.0
1177,18,CUB,5,2,4,11,2016,5.0,3.0,7.0,15.0
1178,19,NZL,4,9,5,18,2016,6.0,2.0,5.0,13.0
1179,20,CAN,4,3,15,22,2016,2.0,6.0,10.0,18.0
1180,21,UZB,4,2,7,13,2016,0.0,0.0,3.0,3.0
1181,22,COL,3,2,3,8,2016,1.0,3.0,5.0,9.0
1182,23,SUI,3,2,2,7,2016,2.0,2.0,0.0,4.0
1183,24,IRI,3,1,4,8,2016,7.0,5.0,1.0,13.0
1184,25,GRE,3,1,2,6,2016,0.0,0.0,2.0,2.0
1185,26,ARG,3,1,0,4,2016,1.0,1.0,2.0,4.0
1186,27,DEN,2,6,7,15,2016,2.0,4.0,3.0,9.0
1187,28,SWE,2,6,3,11,2016,1.0,4.0,3.0,8.0
1188,29,RSA,2,6,2,10,2016,4.0,1.0,1.0,6.0
1189,30,KAZ,2,5,10,17,2016,3.0,2.0,6.0,11.0
1190,31,UKR,2,5,4,11,2016,5.0,4.0,10.0,19.0
1191,32,SRB,2,4,2,8,2016,1.0,1.0,2.0,4.0
1192,33,POL,2,3,6,11,2016,3.0,2.0,6.0,11.0
1193,34,PRK,2,3,2,7,2016,4.0,0.0,2.0,6.0
1194,35,BEL,2,2,2,6,2016,0.0,1.0,2.0,3.0
1195,35,THA,2,2,2,6,2016,0.0,2.0,2.0,4.0
1196,37,SVK,2,2,0,4,2016,0.0,1.0,3.0,4.0
1197,38,GEO,2,1,4,7,2016,1.0,2.0,3.0,6.0
1198,39,AZE,1,7,10,18,2016,2.0,2.0,5.0,9.0
1199,40,BLR,1,4,4,9,2016,2.0,5.0,3.0,10.0
1200,41,TUR,1,3,4,8,2016,1.0,1.0,1.0,3.0
1201,42,ARM,1,3,0,4,2016,0.0,1.0,1.0,2.0
1202,43,CZE,1,2,7,10,2016,4.0,4.0,3.0,11.0
1203,44,ETH,1,2,5,8,2016,3.0,2.0,3.0,8.0
1204,45,SLO,1,2,1,4,2016,1.0,1.0,2.0,4.0
1205,46,INA,1,2,0,3,2016,0.0,2.0,1.0,3.0
1206,47,ROU,1,1,2,4,2016,2.0,4.0,1.0,7.0
1207,48,BRN,1,1,0,2,2016,1.0,0.0,0.0,1.0
1208,48,VIE,1,1,0,2,2016,0.0,0.0,1.0,1.0
1209,50,TPE,1,0,2,3,2016,1.0,0.0,1.0,2.0
1210,51,BAH,1,0,1,2,2016,1.0,0.0,0.0,1.0
1211,51,CIV,1,0,1,2,2016,0.0,1.0,0.0,1.0
1212,54,FIJ,1,0,0,1,2016,,,,
1213,54,JOR,1,0,0,1,2016,,,,
1214,54,KOS,1,0,0,1,2016,,,,
1215,54,PUR,1,0,0,1,2016,0.0,1.0,1.0,2.0
1216,54,SGP,1,0,0,1,2016,0.0,0.0,2.0,2.0
1217,54,TJK,1,0,0,1,2016,0.0,0.0,1.0,1.0
1218,60,MAS,0,4,1,5,2016,0.0,1.0,1.0,2.0
1219,61,MEX,0,3,2,5,2016,1.0,3.0,4.0,8.0
1220,62,VEN,0,2,1,3,2016,1.0,0.0,0.0,1.0
1221,63,ALG,0,2,0,2,2016,1.0,0.0,0.0,1.0
1222,63,IRL,0,2,0,2,2016,1.0,1.0,4.0,6.0
1223,65,LTU,0,1,3,4,2016,2.0,0.0,3.0,5.0
1224,66,BUL,0,1,2,3,2016,0.0,2.0,1.0,3.0
1225,67,IND,0,1,1,2,2016,0.0,2.0,4.0,6.0
1226,67,MGL,0,1,1,2,2016,0.0,2.0,3.0,5.0
1227,69,BDI,0,1,0,1,2016,1.0,0.0,0.0,1.0
1228,69,GRN,0,1,0,1,2016,1.0,0.0,0.0,1.0
1229,69,NIG,0,1,0,1,2016,0.0,0.0,1.0,1.0
1230,69,PHI,0,1,0,1,2016,0.0,1.0,0.0,1.0
1231,69,QAT,0,1,0,1,2016,0.0,1.0,1.0,2.0
1232,74,NOR,0,0,4,4,2016,2.0,1.0,1.0,4.0
1233,75,EGY,0,0,3,3,2016,0.0,3.0,1.0,4.0
1234,75,TUN,0,0,3,3,2016,2.0,0.0,1.0,3.0
1235,77,ISR,0,0,2,2,2016,0.0,0.0,1.0,1.0
1236,78,AUT,0,0,1,1,2016,0.0,1.0,2.0,3.0
1237,78,DOM,0,0,1,1,2016,1.0,1.0,0.0,2.0
1238,78,EST,0,0,1,1,2016,0.0,1.0,1.0,2.0
1239,78,FIN,0,0,1,1,2016,0.0,2.0,1.0,3.0
1240,78,MAR,0,0,1,1,2016,0.0,0.0,1.0,1.0
1241,78,NGR,0,0,1,1,2016,0.0,3.0,2.0,5.0
1242,78,POR,0,0,1,1,2016,0.0,1.0,0.0,1.0
1243,78,TTO,0,0,1,1,2016,1.0,1.0,2.0,4.0
1244,78,UAE,0,0,1,1,2016,1.0,0.0,0.0,1.0
1245,1,USA,39,41,33,113,2020,46.0,37.0,38.0,121.0
1246,2,CHN,38,32,19,89,2020,26.0,18.0,26.0,70.0
1247,3,JPN,27,14,17,58,2020,12.0,8.0,21.0,41.0
1248,4,GBR,22,20,22,64,2020,27.0,23.0,17.0,67.0
1249,5,RUS,20,28,23,71,2020,19.0,17.0,20.0,56.0
1250,6,AUS,17,7,22,46,2020,8.0,11.0,10.0,29.0
1251,7,NED,10,12,14,36,2020,8.0,7.0,4.0,19.0
1252,8,FRA,10,12,11,33,2020,10.0,18.0,14.0,42.0
1253,9,GER,10,11,16,37,2020,17.0,10.0,15.0,42.0
1254,10,ITA,10,10,20,40,2020,8.0,12.0,8.0,28.0
1255,11,CAN,7,7,10,24,2020,4.0,3.0,15.0,22.0
1256,12,BRA,7,6,8,21,2020,7.0,6.0,6.0,19.0
1257,13,NZL,7,6,7,20,2020,4.0,9.0,5.0,18.0
1258,14,CUB,7,3,5,15,2020,5.0,2.0,4.0,11.0
1259,15,HUN,6,7,7,20,2020,8.0,3.0,4.0,15.0
1260,16,KOR,6,4,10,20,2020,9.0,3.0,9.0,21.0
1261,17,POL,4,5,5,14,2020,2.0,3.0,6.0,11.0
1262,18,CZE,4,4,3,11,2020,1.0,2.0,7.0,10.0
1263,19,KEN,4,4,2,10,2020,6.0,6.0,1.0,13.0
1264,20,NOR,4,2,2,8,2020,0.0,0.0,4.0,4.0
1265,21,JAM,4,1,4,9,2020,6.0,3.0,2.0,11.0
1266,22,ESP,3,8,6,17,2020,7.0,4.0,6.0,17.0
1267,23,SWE,3,6,0,9,2020,2.0,6.0,3.0,11.0
1268,24,SUI,3,4,6,13,2020,3.0,2.0,2.0,7.0
1269,25,DEN,3,4,4,11,2020,2.0,6.0,7.0,15.0
1270,26,CRO,3,3,2,8,2020,5.0,3.0,2.0,10.0
1271,27,IRI,3,2,2,7,2020,3.0,1.0,4.0,8.0
1272,28,SRB,3,1,5,9,2020,2.0,4.0,2.0,8.0
1273,29,BEL,3,1,3,7,2020,2.0,2.0,2.0,6.0
1274,30,BUL,3,1,2,6,2020,0.0,1.0,2.0,3.0
1275,31,SLO,3,1,1,5,2020,1.0,2.0,1.0,4.0
1276,32,UZB,3,0,2,5,2020,4.0,2.0,7.0,13.0
1277,33,GEO,2,5,1,8,2020,2.0,1.0,4.0,7.0
1278,34,TPE,2,4,6,12,2020,1.0,0.0,2.0,3.0
1279,35,TUR,2,2,9,13,2020,1.0,3.0,4.0,8.0
1280,36,GRE,2,1,1,4,2020,3.0,1.0,2.0,6.0
1281,36,UGA,2,1,1,4,2020,1.0,0.0,0.0,1.0
1282,38,ECU,2,1,0,3,2020,0.0,1.0,0.0,1.0
1283,39,IRL,2,0,2,4,2020,0.0,2.0,0.0,2.0
1284,39,ISR,2,0,2,4,2020,0.0,0.0,2.0,2.0
1285,41,QAT,2,0,1,3,2020,0.0,1.0,0.0,1.0
1286,42,BAH,2,0,0,2,2020,1.0,0.0,1.0,2.0
1287,42,KOS,2,0,0,2,2020,1.0,0.0,0.0,1.0
1288,44,UKR,1,6,12,19,2020,2.0,5.0,4.0,11.0
1289,45,BLR,1,3,3,7,2020,1.0,4.0,4.0,9.0
1290,46,ROU,1,3,0,4,2020,1.0,1.0,2.0,4.0
1291,46,VEN,1,3,0,4,2020,0.0,2.0,1.0,3.0
1292,48,IND,1,2,4,7,2020,0.0,1.0,1.0,2.0
1293,49,HKG,1,2,3,6,2020,0.0,0.0,1.0,1.0
1294,50,PHI,1,2,1,4,2020,0.0,1.0,0.0,1.0
1295,50,SVK,1,2,1,4,2020,2.0,2.0,0.0,4.0
1296,52,RSA,1,2,0,3,2020,2.0,6.0,2.0,10.0
1297,53,AUT,1,1,5,7,2020,0.0,0.0,1.0,1.0
1298,54,EGY,1,1,4,6,2020,0.0,0.0,3.0,3.0
1299,55,INA,1,1,3,5,2020,1.0,2.0,0.0,3.0
1300,56,ETH,1,1,2,4,2020,1.0,2.0,5.0,8.0
1301,56,POR,1,1,2,4,2020,0.0,0.0,1.0,1.0
1302,58,TUN,1,1,0,2,2020,0.0,0.0,3.0,3.0
1303,59,EST,1,0,1,2,2020,0.0,0.0,1.0,1.0
1304,59,FIJ,1,0,1,2,2020,1.0,0.0,0.0,1.0
1305,59,LAT,1,0,1,2,2020,1.0,0.0,1.0,2.0
1306,59,THA,1,0,1,2,2020,2.0,2.0,2.0,6.0
1307,63,BER,1,0,0,1,2020,0.0,0.0,1.0,1.0
1308,63,MAR,1,0,0,1,2020,0.0,0.0,1.0,1.0
1309,63,PUR,1,0,0,1,2020,1.0,0.0,0.0,1.0
1310,66,COL,0,4,1,5,2020,3.0,2.0,3.0,8.0
1311,67,AZE,0,3,4,7,2020,1.0,7.0,10.0,18.0
1312,68,DOM,0,3,2,5,2020,0.0,0.0,1.0,1.0
1313,69,ARM,0,2,2,4,2020,1.0,3.0,0.0,4.0
1314,70,KGZ,0,2,1,3,2020,0.0,1.0,2.0,3.0
1315,71,MGL,0,1,3,4,2020,0.0,1.0,1.0,2.0
1316,72,ARG,0,1,2,3,2020,3.0,1.0,0.0,4.0
1317,72,SMR,0,1,2,3,2020,,,,
1318,74,JOR,0,1,1,2,2020,1.0,0.0,0.0,1.0
1319,74,MAS,0,1,1,2,2020,0.0,4.0,1.0,5.0
1320,74,NGR,0,1,1,2,2020,0.0,0.0,1.0,1.0
1321,77,BRN,0,1,0,1,2020,1.0,1.0,0.0,2.0
1322,77,KSA,0,1,0,1,2020,0.0,0.0,1.0,1.0
1323,77,LTU,0,1,0,1,2020,0.0,1.0,3.0,4.0
1324,77,NAM,0,1,0,1,2020,0.0,2.0,0.0,2.0
1325,77,MKD,0,1,0,1,2020,0.0,0.0,1.0,1.0
1326,77,TKM,0,1,0,1,2020,,,,
1327,83,KAZ,0,0,8,8,2020,2.0,5.0,10.0,17.0
1328,84,MEX,0,0,4,4,2020,0.0,3.0,2.0,5.0
1329,85,FIN,0,0,2,2,2020,0.0,0.0,1.0,1.0
1330,86,BOT,0,0,1,1,2020,0.0,1.0,0.0,1.0
1331,86,BUR,0,0,1,1,2020,,,,
1332,86,CIV,0,0,1,1,2020,1.0,0.0,1.0,2.0
1333,86,GHA,0,0,1,1,2020,0.0,0.0,1.0,1.0
1334,86,GRN,0,0,1,1,2020,0.0,1.0,0.0,1.0
1335,86,KUW,0,0,1,1,2020,0.0,0.0,1.0,1.0
1336,86,MDA,0,0,1,1,2020,0.0,0.0,1.0,1.0
1337,86,SYR,0,0,1,1,2020,0.0,0.0,1.0,1.0
1338,1,USA,40,44,42,126,2024,39.0,41.0,33.0,113.0
1339,2,CHN,40,27,24,91,2024,38.0,32.0,19.0,89.0
1340,3,JPN,20,12,13,45,2024,27.0,14.0,17.0,58.0
1341,4,AUS,18,19,16,53,2024,17.0,7.0,22.0,46.0
1342,5,FRA,16,26,22,64,2024,10.0,12.0,11.0,33.0
1343,6,NED,15,7,12,34,2024,10.0,12.0,14.0,36.0
1344,7,GBR,14,22,29,65,2024,22.0,20.0,22.0,64.0
1345,8,KOR,13,9,10,32,2024,6.0,4.0,10.0,20.0
1346,9,ITA,12,13,15,40,2024,10.0,10.0,20.0,40.0
1347,10,GER,12,13,8,33,2024,10.0,11.0,16.0,37.0
1348,11,NZL,10,7,3,20,2024,7.0,6.0,7.0,20.0
1349,12,CAN,9,7,11,27,2024,7.0,7.0,10.0,24.0
1350,13,UZB,8,2,3,13,2024,3.0,0.0,2.0,5.0
1351,14,HUN,6,7,6,19,2024,6.0,7.0,7.0,20.0
1352,15,ESP,5,4,9,18,2024,3.0,8.0,6.0,17.0
1353,16,SWE,4,4,3,11,2024,3.0,6.0,0.0,9.0
1354,17,KEN,4,2,5,11,2024,4.0,4.0,2.0,10.0
1355,18,NOR,4,1,3,8,2024,4.0,2.0,2.0,8.0
1356,19,IRL,4,0,3,7,2024,2.0,0.0,2.0,4.0
1357,20,BRA,3,7,10,20,2024,7.0,6.0,8.0,21.0
1358,21,IRI,3,6,3,12,2024,3.0,2.0,2.0,7.0
1359,22,UKR,3,5,4,12,2024,1.0,6.0,12.0,19.0
1360,23,ROU,3,4,2,9,2024,1.0,3.0,0.0,4.0
1361,24,GEO,3,3,1,7,2024,2.0,5.0,1.0,8.0
1362,25,BEL,3,1,6,10,2024,3.0,1.0,3.0,7.0
1363,26,BUL,3,1,3,7,2024,3.0,1.0,2.0,6.0
1364,27,SRB,3,1,1,5,2024,3.0,1.0,5.0,9.0
1365,28,CZE,3,0,2,5,2024,4.0,4.0,3.0,11.0
1366,29,DEN,2,2,5,9,2024,3.0,4.0,4.0,11.0
1367,30,AZE,2,2,3,7,2024,0.0,3.0,4.0,7.0
1368,30,CRO,2,2,3,7,2024,3.0,3.0,2.0,8.0
1369,32,CUB,2,1,6,9,2024,7.0,3.0,5.0,15.0
1370,33,BRN,2,1,1,4,2024,0.0,1.0,0.0,1.0
1371,34,SLO,2,1,0,3,2024,3.0,1.0,1.0,5.0
1372,35,TPE,2,0,5,7,2024,2.0,4.0,6.0,12.0
1373,36,AUT,2,0,3,5,2024,1.0,1.0,5.0,7.0
1374,37,HKG,2,0,2,4,2024,1.0,2.0,3.0,6.0
1375,37,PHI,2,0,2,4,2024,1.0,2.0,1.0,4.0
1376,39,ALG,2,0,1,3,2024,0.0,2.0,0.0,2.0
1377,39,INA,2,0,1,3,2024,1.0,1.0,3.0,5.0
1378,41,ISR,1,5,1,7,2024,2.0,0.0,2.0,4.0
1379,42,POL,1,4,5,10,2024,4.0,5.0,5.0,14.0
1380,43,KAZ,1,3,3,7,2024,0.0,0.0,8.0,8.0
1381,44,JAM,1,3,2,6,2024,4.0,1.0,4.0,9.0
1382,44,RSA,1,3,2,6,2024,1.0,2.0,0.0,3.0
1383,44,THA,1,3,2,6,2024,1.0,0.0,1.0,2.0
1384,47,ETH,1,3,0,4,2024,1.0,1.0,2.0,4.0
1385,48,SUI,1,2,5,8,2024,3.0,4.0,6.0,13.0
1386,49,ECU,1,2,2,5,2024,2.0,1.0,0.0,3.0
1387,50,POR,1,2,1,4,2024,1.0,1.0,2.0,4.0
1388,51,GRE,1,1,6,8,2024,2.0,1.0,1.0,4.0
1389,52,ARG,1,1,1,3,2024,0.0,1.0,2.0,3.0
1390,52,EGY,1,1,1,3,2024,1.0,1.0,4.0,6.0
1391,52,TUN,1,1,1,3,2024,1.0,1.0,0.0,2.0
1392,55,BOT,1,1,0,2,2024,0.0,0.0,1.0,1.0
1393,55,CHI,1,1,0,2,2024,0.0,1.0,0.0,1.0
1394,55,LCA,1,1,0,2,2024,,,,
1395,55,UGA,1,1,0,2,2024,2.0,1.0,1.0,4.0
1396,59,DOM,1,0,2,3,2024,0.0,3.0,2.0,5.0
1397,60,GUA,1,0,1,2,2024,0.0,1.0,0.0,1.0
1398,60,MAR,1,0,1,2,2024,1.0,0.0,0.0,1.0
1399,62,DMA,1,0,0,1,2024,,,,
1400,62,PAK,1,0,0,1,2024,0.0,0.0,1.0,1.0
1401,64,TUR,0,3,5,8,2024,2.0,2.0,9.0,13.0
1402,65,MEX,0,3,2,5,2024,0.0,0.0,4.0,4.0
1403,66,ARM,0,3,1,4,2024,0.0,2.0,2.0,4.0
1404,66,COL,0,3,1,4,2024,0.0,4.0,1.0,5.0
1405,68,KGZ,0,2,4,6,2024,0.0,2.0,1.0,3.0
1406,68,PRK,0,2,4,6,2024,2.0,3.0,2.0,7.0
1407,70,LTU,0,2,2,4,2024,0.0,1.0,0.0,1.0
1408,71,IND,0,1,5,6,2024,1.0,2.0,4.0,7.0
1409,72,MDA,0,1,3,4,2024,0.0,0.0,1.0,1.0
1410,73,KOS,0,1,1,2,2024,2.0,0.0,0.0,2.0
1411,74,CYP,0,1,0,1,2024,0.0,1.0,0.0,1.0
1412,74,FIJ,0,1,0,1,2024,1.0,0.0,1.0,2.0
1413,74,JOR,0,1,0,1,2024,0.0,1.0,1.0,2.0
1414,74,MGL,0,1,0,1,2024,0.0,1.0,3.0,4.0
1415,74,PAN,0,1,0,1,2024,1.0,0.0,0.0,1.0
1416,79,TJK,0,0,3,3,2024,1.0,0.0,0.0,1.0
1417,80,ALB,0,0,2,2,2024,,,,
1418,80,GRN,0,0,2,2,2024,0.0,0.0,1.0,1.0
1419,80,MAS,0,0,2,2,2024,0.0,1.0,1.0,2.0
1420,80,PUR,0,0,2,2,2024,1.0,0.0,0.0,1.0
1421,84,CIV,0,0,1,1,2024,0.0,0.0,1.0,1.0
1422,84,CPV,0,0,1,1,2024,,,,
1423,84,EOR,0,0,1,1,2024,,,,
1424,84,PER,0,0,1,1,2024,0.0,1.0,0.0,1.0
1425,84,QAT,0,0,1,1,2024,2.0,0.0,1.0,3.0
1426,84,SGP,0,0,1,1,2024,1.0,0.0,0.0,1.0
1427,84,SVK,0,0,1,1,2024,1.0,2.0,1.0,4.0
1428,84,ZAM,0,0,1,1,2024,0.0,1.0,0.0,1.0
