,NOC,Gold,Silver,Bronze,Total,Year,Past_Gold,Past_Silver,Past_Bronze,Past_Total,Events_Count,Sports_Count,isHoster
0,USA,11,7,2,20,1896,nan,nan,nan,nan,27.0,27.0,0.0
1,GRE,10,18,19,47,1896,nan,nan,nan,nan,148.0,148.0,0.0
2,GER,6,5,2,13,1896,nan,nan,nan,nan,94.0,94.0,0.0
3,FRA,5,4,2,11,1896,nan,nan,nan,nan,26.0,26.0,0.0
4,GBR,2,3,2,7,1896,nan,nan,nan,nan,25.0,25.0,0.0
5,HUN,2,1,3,6,1896,nan,nan,nan,nan,18.0,18.0,0.0
6,AUT,2,1,2,5,1896,nan,nan,nan,nan,8.0,8.0,0.0
7,AUS,2,0,0,2,1896,nan,nan,nan,nan,5.0,5.0,0.0
8,DEN,1,2,3,6,1896,nan,nan,nan,nan,15.0,15.0,0.0
9,SUI,1,2,0,3,1896,nan,nan,nan,nan,8.0,8.0,0.0
10,FRA,27,39,37,103,1900,5.0,4.0,2.0,11.0,1071.0,1071.0,0.0
11,USA,19,14,15,48,1900,11.0,7.0,2.0,20.0,135.0,135.0,0.0
12,GBR,15,7,9,31,1900,2.0,3.0,2.0,7.0,146.0,146.0,0.0
13,BEL,6,7,4,17,1900,nan,nan,nan,nan,100.0,100.0,0.0
14,SUI,6,2,1,9,1900,1.0,2.0,0.0,3.0,52.0,52.0,0.0
15,GER,4,3,2,9,1900,6.0,5.0,2.0,13.0,103.0,103.0,0.0
16,ITA,3,2,0,5,1900,nan,nan,nan,nan,36.0,36.0,0.0
17,AUS,2,0,3,5,1900,2.0,0.0,0.0,2.0,6.0,6.0,0.0
18,DEN,1,3,2,6,1900,1.0,2.0,3.0,6.0,36.0,36.0,0.0
19,HUN,1,2,2,5,1900,2.0,1.0,3.0,6.0,34.0,34.0,0.0
20,CUB,1,1,0,2,1900,nan,nan,nan,nan,2.0,2.0,0.0
21,CAN,1,0,1,2,1900,nan,nan,nan,nan,7.0,7.0,0.0
22,ESP,1,0,0,1,1900,nan,nan,nan,nan,12.0,12.0,0.0
23,LUX,1,0,0,1,1900,nan,nan,nan,nan,1.0,1.0,0.0
24,AUT,0,3,3,6,1900,2.0,1.0,2.0,5.0,26.0,26.0,0.0
25,NED,0,2,3,5,1900,nan,nan,nan,nan,73.0,73.0,0.0
26,NOR,0,2,3,5,1900,nan,nan,nan,nan,29.0,29.0,0.0
27,IND,0,2,0,2,1900,nan,nan,nan,nan,5.0,5.0,0.0
28,BOH,0,1,1,2,1900,nan,nan,nan,nan,9.0,9.0,0.0
29,SWE,0,0,1,1,1900,nan,nan,nan,nan,27.0,27.0,0.0
30,USA,76,78,77,231,1904,19.0,14.0,15.0,48.0,1109.0,1109.0,0.0
31,GER,4,5,6,15,1904,4.0,3.0,2.0,9.0,55.0,55.0,0.0
32,CAN,4,1,1,6,1904,1.0,0.0,1.0,2.0,61.0,61.0,0.0
33,CUB,3,0,0,3,1904,1.0,1.0,0.0,2.0,6.0,6.0,0.0
34,HUN,2,1,1,4,1904,1.0,2.0,2.0,5.0,9.0,9.0,0.0
35,NOR,2,0,0,2,1904,0.0,2.0,3.0,5.0,6.0,6.0,0.0
36,AUT,1,1,1,3,1904,0.0,3.0,3.0,6.0,7.0,7.0,0.0
37,GBR,1,1,0,2,1904,15.0,7.0,9.0,31.0,6.0,6.0,0.0
38,SUI,1,0,2,3,1904,6.0,2.0,1.0,9.0,7.0,7.0,0.0
39,GRE,1,0,1,2,1904,10.0,18.0,19.0,47.0,17.0,17.0,0.0
40,AUS,0,3,1,4,1904,2.0,0.0,3.0,5.0,6.0,6.0,0.0
41,FRA,0,1,0,1,1904,27.0,39.0,37.0,103.0,2.0,2.0,0.0
42,GBR,56,51,39,146,1908,1.0,1.0,0.0,2.0,972.0,972.0,0.0
43,USA,23,12,12,47,1908,76.0,78.0,77.0,231.0,219.0,219.0,0.0
44,SWE,8,6,11,25,1908,0.0,0.0,1.0,1.0,276.0,276.0,0.0
45,FRA,5,5,9,19,1908,0.0,1.0,0.0,1.0,319.0,319.0,0.0
46,GER,3,5,5,13,1908,4.0,5.0,6.0,15.0,148.0,148.0,0.0
47,HUN,3,4,2,9,1908,2.0,1.0,1.0,4.0,107.0,107.0,0.0
48,CAN,3,3,10,16,1908,4.0,1.0,1.0,6.0,148.0,148.0,0.0
49,NOR,2,3,3,8,1908,2.0,0.0,0.0,2.0,103.0,103.0,0.0
50,ITA,2,2,0,4,1908,3.0,2.0,0.0,5.0,97.0,97.0,0.0
51,BEL,1,5,2,8,1908,6.0,7.0,4.0,17.0,99.0,99.0,0.0
52,ANZ,1,2,2,5,1908,nan,nan,nan,nan,48.0,48.0,0.0
53,RUS,1,2,0,3,1908,nan,nan,nan,nan,7.0,7.0,0.0
54,FIN,1,1,3,5,1908,nan,nan,nan,nan,94.0,94.0,0.0
55,RSA,1,1,0,2,1908,nan,nan,nan,nan,33.0,33.0,0.0
56,GRE,0,3,1,4,1908,1.0,0.0,1.0,2.0,49.0,49.0,0.0
57,DEN,0,2,3,5,1908,1.0,3.0,2.0,6.0,107.0,107.0,0.0
58,BOH,0,0,2,2,1908,0.0,1.0,1.0,2.0,41.0,41.0,0.0
59,NED,0,0,2,2,1908,0.0,2.0,3.0,5.0,218.0,218.0,0.0
60,AUT,0,0,1,1,1908,1.0,1.0,1.0,3.0,13.0,13.0,0.0
61,USA,26,19,19,64,1912,23.0,12.0,12.0,47.0,364.0,364.0,0.0
62,SWE,23,25,17,65,1912,8.0,6.0,11.0,25.0,714.0,714.0,0.0
63,GBR,10,15,16,41,1912,56.0,51.0,39.0,146.0,461.0,461.0,0.0
64,FIN,9,8,9,26,1912,1.0,1.0,3.0,5.0,233.0,233.0,0.0
65,FRA,7,4,3,14,1912,5.0,5.0,9.0,19.0,232.0,232.0,0.0
66,GER,5,13,7,25,1912,3.0,5.0,5.0,13.0,312.0,312.0,0.0
67,RSA,4,2,0,6,1912,1.0,1.0,0.0,2.0,56.0,56.0,0.0
68,NOR,3,2,5,10,1912,2.0,3.0,3.0,8.0,263.0,263.0,0.0
69,CAN,3,2,3,8,1912,3.0,3.0,10.0,16.0,60.0,60.0,0.0
70,HUN,3,2,3,8,1912,3.0,4.0,2.0,9.0,207.0,207.0,0.0
71,ITA,3,1,2,6,1912,2.0,2.0,0.0,4.0,96.0,96.0,0.0
72,ANZ,2,2,3,7,1912,1.0,2.0,2.0,5.0,38.0,38.0,0.0
73,BEL,2,1,3,6,1912,1.0,5.0,2.0,8.0,72.0,72.0,0.0
74,DEN,1,6,5,12,1912,0.0,2.0,3.0,5.0,233.0,233.0,0.0
75,GRE,1,0,1,2,1912,0.0,3.0,1.0,4.0,77.0,77.0,0.0
76,RUS,0,2,3,5,1912,1.0,2.0,0.0,3.0,266.0,266.0,0.0
77,AUT,0,2,2,4,1912,0.0,0.0,1.0,1.0,132.0,132.0,0.0
78,NED,0,0,3,3,1912,0.0,0.0,2.0,2.0,45.0,45.0,0.0
79,USA,41,27,27,95,1920,26.0,19.0,19.0,64.0,473.0,473.0,0.0
80,SWE,19,20,25,64,1920,23.0,25.0,17.0,65.0,404.0,404.0,0.0
81,FIN,15,10,9,34,1920,9.0,8.0,9.0,26.0,136.0,136.0,0.0
82,GBR,14,15,13,42,1920,10.0,15.0,16.0,41.0,345.0,345.0,0.0
83,BEL,14,11,11,36,1920,2.0,1.0,3.0,6.0,518.0,518.0,0.0
84,NOR,13,9,9,31,1920,3.0,2.0,5.0,10.0,267.0,267.0,0.0
85,ITA,13,5,5,23,1920,3.0,1.0,2.0,6.0,291.0,291.0,0.0
86,FRA,9,19,13,41,1920,7.0,4.0,3.0,14.0,452.0,452.0,0.0
87,NED,4,2,5,11,1920,0.0,0.0,3.0,3.0,213.0,213.0,0.0
88,DEN,3,9,1,13,1920,1.0,6.0,5.0,12.0,246.0,246.0,0.0
89,RSA,3,4,3,10,1920,4.0,2.0,0.0,6.0,97.0,97.0,0.0
90,CAN,3,3,3,9,1920,3.0,2.0,3.0,8.0,85.0,85.0,0.0
91,SUI,2,2,7,11,1920,1.0,0.0,2.0,3.0,126.0,126.0,0.0
92,EST,1,2,0,3,1920,nan,nan,nan,nan,20.0,20.0,0.0
93,BRA,1,1,1,3,1920,nan,nan,nan,nan,38.0,38.0,0.0
94,AUS,0,2,1,3,1920,0.0,3.0,1.0,4.0,29.0,29.0,0.0
95,ESP,0,2,0,2,1920,1.0,0.0,0.0,1.0,111.0,111.0,0.0
96,JPN,0,2,0,2,1920,nan,nan,nan,nan,26.0,26.0,0.0
97,GRE,0,1,0,1,1920,1.0,0.0,1.0,2.0,98.0,98.0,0.0
98,LUX,0,1,0,1,1920,1.0,0.0,0.0,1.0,35.0,35.0,0.0
99,TCH,0,0,2,2,1920,nan,nan,nan,nan,182.0,182.0,0.0
100,NZL,0,0,1,1,1920,nan,nan,nan,nan,6.0,6.0,0.0
101,USA,45,27,27,99,1924,41.0,27.0,27.0,95.0,459.0,459.0,0.0
102,FIN,14,13,10,37,1924,15.0,10.0,9.0,34.0,253.0,253.0,0.0
103,FRA,13,15,10,38,1924,9.0,19.0,13.0,41.0,636.0,636.0,0.0
104,GBR,9,13,12,34,1924,14.0,15.0,13.0,42.0,428.0,428.0,0.0
105,ITA,8,3,5,16,1924,13.0,5.0,5.0,23.0,333.0,333.0,0.0
106,SUI,7,8,10,25,1924,2.0,2.0,7.0,11.0,262.0,262.0,0.0
107,NOR,5,2,3,10,1924,13.0,9.0,9.0,31.0,105.0,105.0,0.0
108,SWE,4,13,12,29,1924,19.0,20.0,25.0,64.0,256.0,256.0,0.0
109,NED,4,1,5,10,1924,4.0,2.0,5.0,11.0,246.0,246.0,0.0
110,BEL,3,7,3,13,1924,14.0,11.0,11.0,36.0,234.0,234.0,0.0
111,AUS,3,1,2,6,1924,0.0,2.0,1.0,3.0,60.0,60.0,0.0
112,DEN,2,5,2,9,1924,3.0,9.0,1.0,13.0,158.0,158.0,0.0
113,HUN,2,3,4,9,1924,3.0,2.0,3.0,8.0,140.0,140.0,0.0
114,YUG,2,0,0,2,1924,nan,nan,nan,nan,116.0,116.0,0.0
115,TCH,1,4,5,10,1924,0.0,0.0,2.0,2.0,242.0,242.0,0.0
116,ARG,1,3,2,6,1924,nan,nan,nan,nan,109.0,109.0,0.0
117,EST,1,1,4,6,1924,1.0,2.0,0.0,3.0,47.0,47.0,0.0
118,RSA,1,1,1,3,1924,3.0,4.0,3.0,10.0,44.0,44.0,0.0
119,URU,1,0,0,1,1924,nan,nan,nan,nan,40.0,40.0,0.0
120,AUT,0,3,1,4,1924,0.0,2.0,2.0,4.0,56.0,56.0,0.0
121,CAN,0,3,1,4,1924,3.0,3.0,3.0,9.0,83.0,83.0,0.0
122,POL,0,1,1,2,1924,nan,nan,nan,nan,100.0,100.0,0.0
123,HAI,0,0,1,1,1924,nan,nan,nan,nan,16.0,16.0,0.0
124,JPN,0,0,1,1,1924,0.0,2.0,0.0,2.0,37.0,37.0,0.0
125,NZL,0,0,1,1,1924,0.0,0.0,1.0,1.0,6.0,6.0,0.0
126,POR,0,0,1,1,1924,nan,nan,nan,nan,47.0,47.0,0.0
127,ROU,0,0,1,1,1924,nan,nan,nan,nan,45.0,45.0,0.0
128,USA,22,18,16,56,1928,45.0,27.0,27.0,99.0,426.0,426.0,0.0
129,GER,10,7,14,31,1928,5.0,13.0,7.0,25.0,399.0,399.0,0.0
130,FIN,8,8,9,25,1928,14.0,13.0,10.0,37.0,132.0,132.0,0.0
131,SWE,7,6,12,25,1928,4.0,13.0,12.0,29.0,139.0,139.0,0.0
132,ITA,7,5,7,19,1928,8.0,3.0,5.0,16.0,273.0,273.0,0.0
133,SUI,7,4,4,15,1928,7.0,8.0,10.0,25.0,236.0,236.0,0.0
134,FRA,6,10,5,21,1928,13.0,15.0,10.0,38.0,422.0,422.0,0.0
135,NED,6,9,4,19,1928,4.0,1.0,5.0,10.0,384.0,384.0,0.0
136,HUN,4,5,0,9,1928,2.0,3.0,4.0,9.0,219.0,219.0,0.0
137,CAN,4,4,7,15,1928,0.0,3.0,1.0,4.0,113.0,113.0,0.0
138,GBR,3,10,7,20,1928,9.0,13.0,12.0,34.0,354.0,354.0,0.0
139,ARG,3,3,1,7,1928,1.0,3.0,2.0,6.0,98.0,98.0,0.0
140,DEN,3,1,2,6,1928,2.0,5.0,2.0,9.0,122.0,122.0,0.0
141,TCH,2,5,2,9,1928,1.0,4.0,5.0,10.0,147.0,147.0,0.0
142,JPN,2,2,1,5,1928,0.0,0.0,1.0,1.0,56.0,56.0,0.0
143,EST,2,1,2,5,1928,1.0,1.0,4.0,6.0,23.0,23.0,0.0
144,EGY,2,1,1,4,1928,nan,nan,nan,nan,43.0,43.0,0.0
145,AUT,2,0,1,3,1928,0.0,3.0,1.0,4.0,113.0,113.0,0.0
146,AUS,1,2,1,4,1928,3.0,1.0,2.0,6.0,29.0,29.0,0.0
147,NOR,1,2,1,4,1928,5.0,2.0,3.0,10.0,79.0,79.0,0.0
148,POL,1,1,3,5,1928,0.0,1.0,1.0,2.0,146.0,146.0,0.0
149,YUG,1,1,3,5,1928,2.0,0.0,0.0,2.0,86.0,86.0,0.0
150,RSA,1,0,2,3,1928,1.0,1.0,1.0,3.0,40.0,40.0,0.0
151,ESP,1,0,0,1,1928,0.0,2.0,0.0,2.0,106.0,106.0,0.0
152,IND,1,0,0,1,1928,0.0,2.0,0.0,2.0,24.0,24.0,0.0
153,IRL,1,0,0,1,1928,nan,nan,nan,nan,44.0,44.0,0.0
154,NZL,1,0,0,1,1928,0.0,0.0,1.0,1.0,13.0,13.0,0.0
155,URU,1,0,0,1,1928,1.0,0.0,0.0,1.0,17.0,17.0,0.0
156,BEL,0,1,2,3,1928,3.0,7.0,3.0,13.0,260.0,260.0,0.0
157,CHI,0,1,0,1,1928,nan,nan,nan,nan,46.0,46.0,0.0
158,HAI,0,1,0,1,1928,0.0,0.0,1.0,1.0,3.0,3.0,0.0
159,PHI,0,0,1,1,1928,nan,nan,nan,nan,6.0,6.0,0.0
160,POR,0,0,1,1,1928,0.0,0.0,1.0,1.0,39.0,39.0,0.0
161,USA,44,36,30,110,1932,22.0,18.0,16.0,56.0,743.0,743.0,0.0
162,ITA,12,12,12,36,1932,7.0,5.0,7.0,19.0,154.0,154.0,0.0
163,FRA,11,5,4,20,1932,6.0,10.0,5.0,21.0,159.0,159.0,0.0
164,SWE,10,5,9,24,1932,7.0,6.0,12.0,25.0,128.0,128.0,0.0
165,JPN,7,7,4,18,1932,2.0,2.0,1.0,5.0,203.0,203.0,0.0
166,HUN,6,5,5,16,1932,4.0,5.0,0.0,9.0,118.0,118.0,0.0
167,GER,5,12,7,24,1932,10.0,7.0,14.0,31.0,202.0,202.0,0.0
168,FIN,5,8,12,25,1932,8.0,8.0,9.0,25.0,66.0,66.0,0.0
169,GBR,5,7,5,17,1932,3.0,10.0,7.0,20.0,170.0,170.0,0.0
170,POL,3,2,4,9,1932,1.0,1.0,3.0,5.0,71.0,71.0,0.0
171,AUS,3,1,1,5,1932,1.0,2.0,1.0,4.0,20.0,20.0,0.0
172,ARG,3,1,0,4,1932,3.0,3.0,1.0,7.0,47.0,47.0,0.0
173,CAN,2,5,9,16,1932,4.0,4.0,7.0,15.0,191.0,191.0,0.0
174,NED,2,5,1,8,1932,6.0,9.0,4.0,19.0,80.0,80.0,0.0
175,RSA,2,0,3,5,1932,1.0,0.0,2.0,3.0,20.0,20.0,0.0
176,IRL,2,0,0,2,1932,1.0,0.0,0.0,1.0,18.0,18.0,0.0
177,TCH,1,3,2,6,1932,2.0,5.0,2.0,9.0,44.0,44.0,0.0
178,AUT,1,1,3,5,1932,2.0,0.0,1.0,3.0,33.0,33.0,0.0
179,IND,1,0,0,1,1932,1.0,0.0,0.0,1.0,26.0,26.0,0.0
180,DEN,0,5,3,8,1932,3.0,1.0,2.0,6.0,94.0,94.0,0.0
181,MEX,0,2,0,2,1932,nan,nan,nan,nan,100.0,100.0,0.0
182,LAT,0,1,0,1,1932,nan,nan,nan,nan,13.0,13.0,0.0
183,NZL,0,1,0,1,1932,1.0,0.0,0.0,1.0,29.0,29.0,0.0
184,SUI,0,1,0,1,1932,7.0,4.0,4.0,15.0,9.0,9.0,0.0
185,PHI,0,0,3,3,1932,0.0,0.0,1.0,1.0,8.0,8.0,0.0
186,BEL,0,0,1,1,1932,0.0,1.0,2.0,3.0,69.0,69.0,0.0
187,ESP,0,0,1,1,1932,1.0,0.0,0.0,1.0,8.0,8.0,0.0
188,URU,0,0,1,1,1932,1.0,0.0,0.0,1.0,6.0,6.0,0.0
189,GER,38,31,32,101,1936,5.0,12.0,7.0,24.0,581.0,581.0,0.0
190,USA,24,21,12,57,1936,44.0,36.0,30.0,110.0,487.0,487.0,0.0
191,HUN,10,1,5,16,1936,6.0,5.0,5.0,16.0,335.0,335.0,0.0
192,ITA,9,13,5,27,1936,12.0,12.0,12.0,36.0,349.0,349.0,0.0
193,FIN,8,6,6,20,1936,5.0,8.0,12.0,25.0,186.0,186.0,0.0
194,FRA,7,6,6,19,1936,11.0,5.0,4.0,20.0,303.0,303.0,0.0
195,SWE,6,5,10,21,1936,10.0,5.0,9.0,24.0,231.0,231.0,0.0
196,JPN,6,4,10,20,1936,7.0,7.0,4.0,18.0,325.0,325.0,0.0
197,NED,6,4,7,17,1936,2.0,5.0,1.0,8.0,227.0,227.0,0.0
198,AUT,5,7,5,17,1936,1.0,1.0,3.0,5.0,363.0,363.0,0.0
199,SUI,4,9,5,18,1936,0.0,1.0,0.0,1.0,328.0,328.0,0.0
200,GBR,4,7,3,14,1936,5.0,7.0,5.0,17.0,250.0,250.0,0.0
201,TCH,3,5,1,9,1936,1.0,3.0,2.0,6.0,293.0,293.0,0.0
202,ARG,2,2,3,7,1936,3.0,1.0,0.0,4.0,68.0,68.0,0.0
203,EST,2,2,3,7,1936,2.0,1.0,2.0,5.0,36.0,36.0,0.0
204,EGY,2,1,2,5,1936,2.0,1.0,1.0,4.0,66.0,66.0,0.0
205,CAN,1,3,5,9,1936,2.0,5.0,9.0,16.0,167.0,167.0,0.0
206,NOR,1,3,2,6,1936,1.0,2.0,1.0,4.0,84.0,84.0,0.0
207,TUR,1,0,1,2,1936,nan,nan,nan,nan,62.0,62.0,0.0
208,IND,1,0,0,1,1936,1.0,0.0,0.0,1.0,30.0,30.0,0.0
209,NZL,1,0,0,1,1936,0.0,1.0,0.0,1.0,9.0,9.0,0.0
210,POL,0,4,5,9,1936,3.0,2.0,4.0,9.0,177.0,177.0,0.0
211,DEN,0,2,3,5,1936,0.0,5.0,3.0,8.0,173.0,173.0,0.0
212,LAT,0,1,1,2,1936,0.0,1.0,0.0,1.0,33.0,33.0,0.0
213,ROU,0,1,0,1,1936,0.0,0.0,1.0,1.0,118.0,118.0,0.0
214,RSA,0,1,0,1,1936,2.0,0.0,3.0,5.0,54.0,54.0,0.0
215,YUG,0,1,0,1,1936,1.0,1.0,3.0,5.0,173.0,173.0,0.0
216,BEL,0,0,3,3,1936,0.0,0.0,1.0,1.0,205.0,205.0,0.0
217,MEX,0,0,3,3,1936,0.0,2.0,0.0,2.0,32.0,32.0,0.0
218,AUS,0,0,1,1,1936,3.0,1.0,1.0,5.0,39.0,39.0,0.0
219,PHI,0,0,1,1,1936,0.0,0.0,3.0,3.0,40.0,40.0,0.0
220,POR,0,0,1,1,1936,0.0,0.0,1.0,1.0,26.0,26.0,0.0
221,USA,38,27,19,84,1948,24.0,21.0,12.0,57.0,424.0,424.0,0.0
222,SWE,16,11,17,44,1948,6.0,5.0,10.0,21.0,223.0,223.0,0.0
223,FRA,10,6,13,29,1948,7.0,6.0,6.0,19.0,433.0,433.0,0.0
224,HUN,10,5,12,27,1948,10.0,1.0,5.0,16.0,222.0,222.0,0.0
225,ITA,8,11,8,27,1948,9.0,13.0,5.0,27.0,310.0,310.0,0.0
226,FIN,8,7,5,20,1948,8.0,6.0,6.0,20.0,215.0,215.0,0.0
227,TUR,6,4,2,12,1948,1.0,0.0,1.0,2.0,87.0,87.0,0.0
228,TCH,6,2,3,11,1948,3.0,5.0,1.0,9.0,153.0,153.0,0.0
229,SUI,5,10,5,20,1948,4.0,9.0,5.0,18.0,287.0,287.0,0.0
230,DEN,5,7,8,20,1948,0.0,2.0,3.0,5.0,253.0,253.0,0.0
231,NED,5,2,9,16,1948,6.0,4.0,7.0,17.0,187.0,187.0,0.0
232,GBR,3,14,6,23,1948,4.0,7.0,3.0,14.0,590.0,590.0,0.0
233,ARG,3,3,1,7,1948,2.0,2.0,3.0,7.0,295.0,295.0,0.0
234,AUS,2,6,5,13,1948,0.0,0.0,1.0,1.0,103.0,103.0,0.0
235,BEL,2,2,3,7,1948,0.0,0.0,3.0,3.0,182.0,182.0,0.0
236,EGY,2,2,1,5,1948,2.0,1.0,2.0,5.0,166.0,166.0,0.0
237,MEX,2,1,2,5,1948,0.0,0.0,3.0,3.0,149.0,149.0,0.0
238,RSA,2,1,1,4,1948,0.0,1.0,0.0,1.0,43.0,43.0,0.0
239,NOR,1,3,3,7,1948,1.0,3.0,2.0,6.0,97.0,97.0,0.0
240,JAM,1,2,0,3,1948,nan,nan,nan,nan,26.0,26.0,0.0
241,AUT,1,0,3,4,1948,5.0,7.0,5.0,17.0,239.0,239.0,0.0
242,IND,1,0,0,1,1948,1.0,0.0,0.0,1.0,89.0,89.0,0.0
243,PER,1,0,0,1,1948,nan,nan,nan,nan,49.0,49.0,0.0
244,YUG,0,2,0,2,1948,0.0,1.0,0.0,1.0,162.0,162.0,0.0
245,CAN,0,1,2,3,1948,1.0,3.0,5.0,9.0,188.0,188.0,0.0
246,POR,0,1,1,2,1948,0.0,0.0,1.0,1.0,65.0,65.0,0.0
247,URU,0,1,1,2,1948,0.0,0.0,1.0,1.0,79.0,79.0,0.0
248,SRI,0,1,0,1,1948,nan,nan,nan,nan,10.0,10.0,0.0
249,CUB,0,1,0,1,1948,3.0,0.0,0.0,3.0,112.0,112.0,0.0
250,ESP,0,1,0,1,1948,0.0,0.0,1.0,1.0,84.0,84.0,0.0
251,TTO,0,1,0,1,1948,nan,nan,nan,nan,9.0,9.0,0.0
252,KOR,0,0,2,2,1948,nan,nan,nan,nan,48.0,48.0,0.0
253,PAN,0,0,2,2,1948,nan,nan,nan,nan,2.0,2.0,0.0
254,BRA,0,0,1,1,1948,1.0,1.0,1.0,3.0,105.0,105.0,0.0
255,IRI,0,0,1,1,1948,nan,nan,nan,nan,39.0,39.0,0.0
256,POL,0,0,1,1,1948,0.0,4.0,5.0,9.0,52.0,52.0,0.0
257,PUR,0,0,1,1,1948,nan,nan,nan,nan,9.0,9.0,0.0
258,USA,40,19,17,76,1952,38.0,27.0,19.0,84.0,451.0,451.0,0.0
259,URS,22,30,19,71,1952,nan,nan,nan,nan,451.0,451.0,0.0
260,HUN,16,10,16,42,1952,10.0,5.0,12.0,27.0,345.0,345.0,0.0
261,SWE,12,13,10,35,1952,16.0,11.0,17.0,44.0,355.0,355.0,0.0
262,ITA,8,9,4,21,1952,8.0,11.0,8.0,27.0,376.0,376.0,0.0
263,TCH,7,3,3,13,1952,6.0,2.0,3.0,11.0,218.0,218.0,0.0
264,FRA,6,6,6,18,1952,10.0,6.0,13.0,29.0,408.0,408.0,0.0
265,FIN,6,3,13,22,1952,8.0,7.0,5.0,20.0,412.0,412.0,0.0
266,AUS,6,2,3,11,1952,2.0,6.0,5.0,13.0,140.0,140.0,0.0
267,NOR,3,2,0,5,1952,1.0,3.0,3.0,7.0,190.0,190.0,0.0
268,SUI,2,6,6,14,1952,5.0,10.0,5.0,20.0,251.0,251.0,0.0
269,RSA,2,4,4,10,1952,2.0,1.0,1.0,4.0,109.0,109.0,0.0
270,JAM,2,3,0,5,1952,1.0,2.0,0.0,3.0,16.0,16.0,0.0
271,BEL,2,2,0,4,1952,2.0,2.0,3.0,7.0,184.0,184.0,0.0
272,DEN,2,1,3,6,1952,5.0,7.0,8.0,20.0,201.0,201.0,0.0
273,TUR,2,0,1,3,1952,6.0,4.0,2.0,12.0,58.0,58.0,0.0
274,JPN,1,6,2,9,1952,6.0,4.0,10.0,20.0,133.0,133.0,0.0
275,GBR,1,2,8,11,1952,3.0,14.0,6.0,23.0,401.0,401.0,0.0
276,ARG,1,2,2,5,1952,3.0,3.0,1.0,7.0,174.0,174.0,0.0
277,POL,1,2,1,4,1952,0.0,0.0,1.0,1.0,248.0,248.0,0.0
278,CAN,1,2,0,3,1952,0.0,1.0,2.0,3.0,154.0,154.0,0.0
279,YUG,1,2,0,3,1952,0.0,2.0,0.0,2.0,194.0,194.0,0.0
280,ROU,1,1,2,4,1952,0.0,1.0,0.0,1.0,241.0,241.0,0.0
281,BRA,1,0,2,3,1952,0.0,0.0,1.0,1.0,119.0,119.0,0.0
282,NZL,1,0,2,3,1952,1.0,0.0,0.0,1.0,20.0,20.0,0.0
283,IND,1,0,1,2,1952,1.0,0.0,0.0,1.0,94.0,94.0,0.0
284,LUX,1,0,0,1,1952,0.0,1.0,0.0,1.0,101.0,101.0,0.0
285,GER,0,7,17,24,1952,38.0,31.0,32.0,101.0,365.0,365.0,0.0
286,NED,0,5,0,5,1952,5.0,2.0,9.0,16.0,180.0,180.0,0.0
287,IRI,0,3,4,7,1952,0.0,0.0,1.0,1.0,23.0,23.0,0.0
288,CHI,0,2,0,2,1952,0.0,1.0,0.0,1.0,82.0,82.0,0.0
289,AUT,0,1,1,2,1952,1.0,0.0,3.0,4.0,238.0,238.0,0.0
290,LBN,0,1,1,2,1952,nan,nan,nan,nan,nan,nan,0.0
291,ESP,0,1,0,1,1952,0.0,1.0,0.0,1.0,42.0,42.0,0.0
292,IRL,0,1,0,1,1952,2.0,0.0,0.0,2.0,25.0,25.0,0.0
293,MEX,0,1,0,1,1952,2.0,1.0,2.0,5.0,85.0,85.0,0.0
294,KOR,0,0,2,2,1952,0.0,0.0,2.0,2.0,22.0,22.0,0.0
295,TTO,0,0,2,2,1952,0.0,1.0,0.0,1.0,2.0,2.0,0.0
296,URU,0,0,2,2,1952,0.0,1.0,1.0,2.0,42.0,42.0,0.0
297,BUL,0,0,1,1,1952,nan,nan,nan,nan,179.0,179.0,0.0
298,EGY,0,0,1,1,1952,2.0,2.0,1.0,5.0,196.0,196.0,0.0
299,POR,0,0,1,1,1952,0.0,1.0,1.0,2.0,155.0,155.0,0.0
300,VEN,0,0,1,1,1952,nan,nan,nan,nan,63.0,63.0,0.0
301,URS,37,29,32,98,1956,22.0,30.0,19.0,71.0,411.0,411.0,0.0
302,USA,32,25,17,74,1956,40.0,19.0,17.0,76.0,443.0,443.0,0.0
303,AUS,13,8,14,35,1956,6.0,2.0,3.0,11.0,412.0,412.0,0.0
304,HUN,9,10,7,26,1956,16.0,10.0,16.0,42.0,197.0,197.0,0.0
305,ITA,8,8,9,25,1956,8.0,9.0,4.0,21.0,207.0,207.0,0.0
306,SWE,8,5,6,19,1956,12.0,13.0,10.0,35.0,186.0,186.0,0.0
307,GER,6,13,7,26,1956,0.0,7.0,17.0,24.0,261.0,261.0,0.0
308,GBR,6,7,11,24,1956,1.0,2.0,8.0,11.0,283.0,283.0,0.0
309,ROU,5,3,5,13,1956,1.0,1.0,2.0,4.0,103.0,103.0,0.0
310,JPN,4,10,5,19,1956,1.0,6.0,2.0,9.0,222.0,222.0,0.0
311,FRA,4,4,6,14,1956,6.0,6.0,6.0,18.0,227.0,227.0,0.0
312,TUR,3,2,2,7,1956,2.0,0.0,1.0,3.0,28.0,28.0,0.0
313,FIN,3,1,11,15,1956,6.0,3.0,13.0,22.0,147.0,147.0,0.0
314,IRI,2,2,1,5,1956,0.0,3.0,4.0,7.0,17.0,17.0,0.0
315,CAN,2,1,3,6,1956,1.0,2.0,0.0,3.0,150.0,150.0,0.0
316,NZL,2,0,0,2,1956,1.0,0.0,2.0,3.0,57.0,57.0,0.0
317,POL,1,4,4,9,1956,1.0,2.0,1.0,4.0,118.0,118.0,0.0
318,TCH,1,4,1,6,1956,7.0,3.0,3.0,13.0,161.0,161.0,0.0
319,BUL,1,3,1,5,1956,0.0,0.0,1.0,1.0,82.0,82.0,0.0
320,DEN,1,2,1,4,1956,2.0,1.0,3.0,6.0,51.0,51.0,0.0
321,IRL,1,1,3,5,1956,0.0,1.0,0.0,1.0,25.0,25.0,0.0
322,NOR,1,0,2,3,1956,3.0,2.0,0.0,5.0,29.0,29.0,0.0
323,MEX,1,0,1,2,1956,0.0,1.0,0.0,1.0,36.0,36.0,0.0
324,BRA,1,0,0,1,1956,1.0,0.0,2.0,3.0,63.0,63.0,0.0
325,IND,1,0,0,1,1956,1.0,0.0,1.0,2.0,79.0,79.0,0.0
326,YUG,0,3,0,3,1956,1.0,2.0,0.0,3.0,37.0,37.0,0.0
327,CHI,0,2,2,4,1956,0.0,2.0,0.0,2.0,43.0,43.0,0.0
328,BEL,0,2,0,2,1956,2.0,2.0,0.0,4.0,82.0,82.0,0.0
329,ARG,0,1,1,2,1956,1.0,2.0,2.0,5.0,44.0,44.0,0.0
330,KOR,0,1,1,2,1956,0.0,0.0,2.0,2.0,36.0,36.0,0.0
331,ISL,0,1,0,1,1956,nan,nan,nan,nan,2.0,2.0,0.0
332,PAK,0,1,0,1,1956,nan,nan,nan,nan,79.0,79.0,0.0
333,RSA,0,0,4,4,1956,2.0,4.0,4.0,10.0,90.0,90.0,0.0
334,AUT,0,0,2,2,1956,0.0,1.0,1.0,2.0,57.0,57.0,0.0
335,BAH,0,0,1,1,1956,nan,nan,nan,nan,5.0,5.0,0.0
336,GRE,0,0,1,1,1956,0.0,1.0,0.0,1.0,16.0,16.0,0.0
337,SUI,0,0,1,1,1956,2.0,6.0,6.0,14.0,18.0,18.0,0.0
338,URU,0,0,1,1,1956,0.0,0.0,2.0,2.0,29.0,29.0,0.0
339,URS,43,29,31,103,1960,37.0,29.0,32.0,98.0,414.0,414.0,0.0
340,USA,34,21,16,71,1960,32.0,25.0,17.0,74.0,428.0,428.0,0.0
341,ITA,13,10,13,36,1960,8.0,8.0,9.0,25.0,402.0,402.0,0.0
342,GER,12,19,11,42,1960,6.0,13.0,7.0,26.0,425.0,425.0,0.0
343,AUS,8,8,6,22,1960,13.0,8.0,14.0,35.0,280.0,280.0,0.0
344,TUR,7,2,0,9,1960,3.0,2.0,2.0,7.0,58.0,58.0,0.0
345,HUN,6,8,7,21,1960,9.0,10.0,7.0,26.0,312.0,312.0,0.0
346,JPN,4,7,7,18,1960,4.0,10.0,5.0,19.0,278.0,278.0,0.0
347,POL,4,6,11,21,1960,1.0,4.0,4.0,9.0,307.0,307.0,0.0
348,TCH,3,2,3,8,1960,1.0,4.0,1.0,6.0,202.0,202.0,0.0
349,ROU,3,1,6,10,1960,5.0,3.0,5.0,13.0,156.0,156.0,0.0
350,GBR,2,6,14,22,1960,6.0,7.0,11.0,24.0,389.0,389.0,0.0
351,DEN,2,3,1,6,1960,1.0,2.0,1.0,4.0,109.0,109.0,0.0
352,NZL,2,0,1,3,1960,2.0,0.0,0.0,2.0,47.0,47.0,0.0
353,BUL,1,3,3,7,1960,1.0,3.0,1.0,5.0,183.0,183.0,0.0
354,SWE,1,2,3,6,1960,8.0,5.0,6.0,19.0,258.0,258.0,0.0
355,FIN,1,1,3,5,1960,3.0,1.0,11.0,15.0,219.0,219.0,0.0
356,AUT,1,1,0,2,1960,0.0,0.0,2.0,2.0,198.0,198.0,0.0
357,YUG,1,1,0,2,1960,0.0,3.0,0.0,3.0,185.0,185.0,0.0
358,PAK,1,0,1,2,1960,0.0,1.0,0.0,1.0,53.0,53.0,0.0
359,ETH,1,0,0,1,1960,nan,nan,nan,nan,15.0,15.0,0.0
360,GRE,1,0,0,1,1960,0.0,0.0,1.0,1.0,59.0,59.0,0.0
361,NOR,1,0,0,1,1960,1.0,0.0,2.0,3.0,50.0,50.0,0.0
362,SUI,0,3,3,6,1960,0.0,0.0,1.0,1.0,221.0,221.0,0.0
363,FRA,0,2,3,5,1960,4.0,4.0,6.0,14.0,363.0,363.0,0.0
364,BEL,0,2,2,4,1960,0.0,2.0,0.0,2.0,150.0,150.0,0.0
365,IRI,0,1,3,4,1960,2.0,2.0,1.0,5.0,24.0,24.0,0.0
366,NED,0,1,2,3,1960,0.0,5.0,0.0,5.0,160.0,160.0,0.0
367,RSA,0,1,2,3,1960,0.0,0.0,4.0,4.0,72.0,72.0,0.0
368,ARG,0,1,1,2,1960,0.0,1.0,1.0,2.0,116.0,116.0,0.0
369,EGY,0,1,1,2,1960,0.0,0.0,1.0,1.0,nan,nan,0.0
370,CAN,0,1,0,1,1960,2.0,1.0,3.0,6.0,140.0,140.0,0.0
371,TPE,0,1,0,1,1960,nan,nan,nan,nan,31.0,31.0,0.0
372,GHA,0,1,0,1,1960,nan,nan,nan,nan,15.0,15.0,0.0
373,IND,0,1,0,1,1960,1.0,0.0,0.0,1.0,49.0,49.0,0.0
374,MAR,0,1,0,1,1960,nan,nan,nan,nan,111.0,111.0,0.0
375,POR,0,1,0,1,1960,0.0,0.0,1.0,1.0,109.0,109.0,0.0
376,SGP,0,1,0,1,1960,nan,nan,nan,nan,5.0,5.0,0.0
377,BRA,0,0,2,2,1960,1.0,0.0,0.0,1.0,86.0,86.0,0.0
378,ESP,0,0,1,1,1960,0.0,1.0,0.0,1.0,238.0,238.0,0.0
379,IRQ,0,0,1,1,1960,nan,nan,nan,nan,28.0,28.0,0.0
380,MEX,0,0,1,1,1960,1.0,0.0,1.0,2.0,110.0,110.0,0.0
381,VEN,0,0,1,1,1960,0.0,0.0,1.0,1.0,54.0,54.0,0.0
382,USA,36,26,28,90,1964,34.0,21.0,16.0,71.0,492.0,492.0,0.0
383,URS,30,31,35,96,1964,43.0,29.0,31.0,103.0,463.0,463.0,0.0
384,JPN,16,5,8,29,1964,4.0,7.0,7.0,18.0,456.0,456.0,0.0
385,GER,10,22,18,50,1964,12.0,19.0,11.0,42.0,478.0,478.0,0.0
386,ITA,10,10,7,27,1964,13.0,10.0,13.0,36.0,256.0,256.0,0.0
387,HUN,10,7,5,22,1964,6.0,8.0,7.0,21.0,319.0,319.0,0.0
388,POL,7,6,10,23,1964,4.0,6.0,11.0,21.0,240.0,240.0,0.0
389,AUS,6,2,10,18,1964,8.0,8.0,6.0,22.0,392.0,392.0,0.0
390,TCH,5,6,3,14,1964,3.0,2.0,3.0,8.0,187.0,187.0,0.0
391,GBR,4,12,2,18,1964,2.0,6.0,14.0,22.0,301.0,301.0,0.0
392,BUL,3,5,2,10,1964,1.0,3.0,3.0,7.0,116.0,116.0,0.0
393,FIN,3,0,2,5,1964,1.0,1.0,3.0,5.0,151.0,151.0,0.0
394,NZL,3,0,2,5,1964,2.0,0.0,1.0,3.0,88.0,88.0,0.0
395,ROU,2,4,6,12,1964,3.0,1.0,6.0,10.0,232.0,232.0,0.0
396,NED,2,4,4,10,1964,0.0,1.0,2.0,3.0,158.0,158.0,0.0
397,TUR,2,3,1,6,1964,7.0,2.0,0.0,9.0,25.0,25.0,0.0
398,SWE,2,2,4,8,1964,1.0,2.0,3.0,6.0,175.0,175.0,0.0
399,DEN,2,1,3,6,1964,2.0,3.0,1.0,6.0,71.0,71.0,0.0
400,YUG,2,1,2,5,1964,1.0,1.0,0.0,2.0,123.0,123.0,0.0
401,BEL,2,0,1,3,1964,0.0,2.0,2.0,4.0,74.0,74.0,0.0
402,FRA,1,8,6,15,1964,0.0,2.0,3.0,5.0,214.0,214.0,0.0
403,CAN,1,2,1,4,1964,0.0,1.0,0.0,1.0,194.0,194.0,0.0
404,SUI,1,2,1,4,1964,0.0,3.0,3.0,6.0,129.0,129.0,0.0
405,BAH,1,0,0,1,1964,0.0,0.0,1.0,1.0,12.0,12.0,0.0
406,ETH,1,0,0,1,1964,1.0,0.0,0.0,1.0,19.0,19.0,0.0
407,IND,1,0,0,1,1964,0.0,1.0,0.0,1.0,111.0,111.0,0.0
408,KOR,0,2,1,3,1964,0.0,1.0,1.0,2.0,240.0,240.0,0.0
409,TTO,0,1,2,3,1964,0.0,0.0,2.0,2.0,18.0,18.0,0.0
410,TUN,0,1,1,2,1964,nan,nan,nan,nan,12.0,12.0,0.0
411,ARG,0,1,0,1,1964,0.0,1.0,1.0,2.0,148.0,148.0,0.0
412,CUB,0,1,0,1,1964,0.0,1.0,0.0,1.0,76.0,76.0,0.0
413,PAK,0,1,0,1,1964,1.0,0.0,1.0,2.0,47.0,47.0,0.0
414,PHI,0,1,0,1,1964,0.0,0.0,1.0,1.0,70.0,70.0,0.0
415,IRI,0,0,2,2,1964,0.0,1.0,3.0,4.0,96.0,96.0,0.0
416,BRA,0,0,1,1,1964,0.0,0.0,2.0,2.0,65.0,65.0,0.0
417,GHA,0,0,1,1,1964,0.0,1.0,0.0,1.0,40.0,40.0,0.0
418,IRL,0,0,1,1,1964,1.0,1.0,3.0,5.0,35.0,35.0,0.0
419,KEN,0,0,1,1,1964,nan,nan,nan,nan,41.0,41.0,0.0
420,MEX,0,0,1,1,1964,0.0,0.0,1.0,1.0,128.0,128.0,0.0
421,NGR,0,0,1,1,1964,nan,nan,nan,nan,19.0,19.0,0.0
422,URU,0,0,1,1,1964,0.0,0.0,1.0,1.0,29.0,29.0,0.0
423,USA,45,28,34,107,1968,36.0,26.0,28.0,90.0,529.0,529.0,0.0
424,URS,29,32,30,91,1968,30.0,31.0,35.0,96.0,471.0,471.0,0.0
425,JPN,11,7,7,25,1968,16.0,5.0,8.0,29.0,289.0,289.0,0.0
426,HUN,10,10,12,32,1968,10.0,7.0,5.0,22.0,303.0,303.0,0.0
427,GDR,9,9,7,25,1968,nan,nan,nan,nan,346.0,346.0,0.0
428,FRA,7,3,5,15,1968,1.0,8.0,6.0,15.0,311.0,311.0,0.0
429,TCH,7,2,4,13,1968,5.0,6.0,3.0,14.0,203.0,203.0,0.0
430,FRG,5,11,10,26,1968,nan,nan,nan,nan,432.0,432.0,0.0
431,AUS,5,7,5,17,1968,6.0,2.0,10.0,18.0,224.0,224.0,0.0
432,GBR,5,5,3,13,1968,4.0,12.0,2.0,18.0,328.0,328.0,0.0
433,POL,5,2,11,18,1968,7.0,6.0,10.0,23.0,296.0,296.0,0.0
434,ROU,4,6,5,15,1968,2.0,4.0,6.0,12.0,100.0,100.0,0.0
435,ITA,3,4,9,16,1968,10.0,10.0,7.0,27.0,268.0,268.0,0.0
436,KEN,3,4,2,9,1968,0.0,0.0,1.0,1.0,50.0,50.0,0.0
437,MEX,3,3,3,9,1968,0.0,0.0,1.0,1.0,446.0,446.0,0.0
438,YUG,3,3,2,8,1968,2.0,1.0,2.0,5.0,130.0,130.0,0.0
439,NED,3,3,1,7,1968,2.0,4.0,4.0,10.0,140.0,140.0,0.0
440,BUL,2,4,3,9,1968,3.0,5.0,2.0,10.0,189.0,189.0,0.0
441,IRI,2,1,2,5,1968,0.0,0.0,2.0,2.0,14.0,14.0,0.0
442,SWE,2,1,1,4,1968,2.0,2.0,4.0,8.0,186.0,186.0,0.0
443,TUR,2,0,0,2,1968,2.0,3.0,1.0,6.0,30.0,30.0,0.0
444,DEN,1,4,3,8,1968,2.0,1.0,3.0,6.0,93.0,93.0,0.0
445,CAN,1,3,1,5,1968,1.0,2.0,1.0,4.0,291.0,291.0,0.0
446,FIN,1,2,1,4,1968,3.0,0.0,2.0,5.0,126.0,126.0,0.0
447,ETH,1,1,0,2,1968,1.0,0.0,0.0,1.0,26.0,26.0,0.0
448,NOR,1,1,0,2,1968,1.0,0.0,0.0,1.0,86.0,86.0,0.0
449,NZL,1,0,2,3,1968,3.0,0.0,2.0,5.0,65.0,65.0,0.0
450,TUN,1,0,1,2,1968,0.0,1.0,1.0,2.0,8.0,8.0,0.0
451,PAK,1,0,0,1,1968,0.0,1.0,0.0,1.0,15.0,15.0,0.0
452,VEN,1,0,0,1,1968,0.0,0.0,1.0,1.0,30.0,30.0,0.0
453,CUB,0,4,0,4,1968,0.0,1.0,0.0,1.0,227.0,227.0,0.0
454,AUT,0,2,2,4,1968,1.0,1.0,0.0,2.0,59.0,59.0,0.0
455,SUI,0,1,4,5,1968,1.0,2.0,1.0,4.0,155.0,155.0,0.0
456,MGL,0,1,3,4,1968,nan,nan,nan,nan,38.0,38.0,0.0
457,BRA,0,1,2,3,1968,0.0,0.0,1.0,1.0,89.0,89.0,0.0
458,BEL,0,1,1,2,1968,2.0,0.0,1.0,3.0,106.0,106.0,0.0
459,KOR,0,1,1,2,1968,0.0,2.0,1.0,3.0,66.0,66.0,0.0
460,UGA,0,1,1,2,1968,nan,nan,nan,nan,14.0,14.0,0.0
461,CMR,0,1,0,1,1968,nan,nan,nan,nan,5.0,5.0,0.0
462,JAM,0,1,0,1,1968,2.0,3.0,0.0,5.0,35.0,35.0,0.0
463,ARG,0,0,2,2,1968,0.0,1.0,0.0,1.0,132.0,132.0,0.0
464,GRE,0,0,1,1,1968,1.0,0.0,0.0,1.0,44.0,44.0,0.0
465,IND,0,0,1,1,1968,1.0,0.0,0.0,1.0,27.0,27.0,0.0
466,TPE,0,0,1,1,1968,0.0,1.0,0.0,1.0,93.0,93.0,0.0
467,URS,50,27,22,99,1972,29.0,32.0,30.0,91.0,531.0,531.0,0.0
468,USA,33,31,30,94,1972,45.0,28.0,34.0,107.0,578.0,578.0,0.0
469,GDR,20,23,23,66,1972,9.0,9.0,7.0,25.0,454.0,454.0,0.0
470,FRG,13,11,16,40,1972,5.0,11.0,10.0,26.0,587.0,587.0,0.0
471,JPN,13,8,8,29,1972,11.0,7.0,7.0,25.0,293.0,293.0,0.0
472,AUS,8,7,2,17,1972,5.0,7.0,5.0,17.0,266.0,266.0,0.0
473,POL,7,5,9,21,1972,5.0,2.0,11.0,18.0,418.0,418.0,0.0
474,HUN,6,13,16,35,1972,10.0,10.0,12.0,32.0,367.0,367.0,0.0
475,BUL,6,10,5,21,1972,2.0,4.0,3.0,9.0,226.0,226.0,0.0
476,ITA,5,3,10,18,1972,3.0,4.0,9.0,16.0,345.0,345.0,0.0
477,SWE,4,6,6,16,1972,2.0,1.0,1.0,4.0,186.0,186.0,0.0
478,GBR,4,5,9,18,1972,5.0,5.0,3.0,13.0,433.0,433.0,0.0
479,ROU,3,6,7,16,1972,4.0,6.0,5.0,15.0,258.0,258.0,0.0
480,CUB,3,1,4,8,1972,0.0,4.0,0.0,4.0,201.0,201.0,0.0
481,FIN,3,1,4,8,1972,1.0,2.0,1.0,4.0,133.0,133.0,0.0
482,NED,3,1,1,5,1972,3.0,3.0,1.0,7.0,199.0,199.0,0.0
483,FRA,2,4,7,13,1972,7.0,3.0,5.0,15.0,356.0,356.0,0.0
484,TCH,2,4,2,8,1972,7.0,2.0,4.0,13.0,274.0,274.0,0.0
485,KEN,2,3,4,9,1972,3.0,4.0,2.0,9.0,69.0,69.0,0.0
486,YUG,2,1,2,5,1972,3.0,3.0,2.0,8.0,212.0,212.0,0.0
487,NOR,2,1,1,4,1972,1.0,1.0,0.0,2.0,161.0,161.0,0.0
488,PRK,1,1,3,5,1972,nan,nan,nan,nan,83.0,83.0,0.0
489,NZL,1,1,1,3,1972,1.0,0.0,2.0,3.0,112.0,112.0,0.0
490,UGA,1,1,0,2,1972,0.0,1.0,1.0,2.0,35.0,35.0,0.0
491,DEN,1,0,0,1,1972,1.0,4.0,3.0,8.0,155.0,155.0,0.0
492,SUI,0,3,0,3,1972,0.0,1.0,4.0,5.0,265.0,265.0,0.0
493,CAN,0,2,3,5,1972,1.0,3.0,1.0,5.0,344.0,344.0,0.0
494,IRI,0,2,1,3,1972,2.0,1.0,2.0,5.0,56.0,56.0,0.0
495,BEL,0,2,0,2,1972,0.0,1.0,1.0,2.0,106.0,106.0,0.0
496,GRE,0,2,0,2,1972,0.0,0.0,1.0,1.0,66.0,66.0,0.0
497,AUT,0,1,2,3,1972,0.0,2.0,2.0,4.0,143.0,143.0,0.0
498,COL,0,1,2,3,1972,nan,nan,nan,nan,75.0,75.0,0.0
499,ARG,0,1,0,1,1972,0.0,0.0,2.0,2.0,123.0,123.0,0.0
500,KOR,0,1,0,1,1972,0.0,1.0,1.0,2.0,43.0,43.0,0.0
501,LBN,0,1,0,1,1972,0.0,1.0,1.0,2.0,nan,nan,0.0
502,MEX,0,1,0,1,1972,3.0,3.0,3.0,9.0,281.0,281.0,0.0
503,MGL,0,1,0,1,1972,0.0,1.0,3.0,4.0,44.0,44.0,0.0
504,PAK,0,1,0,1,1972,1.0,0.0,0.0,1.0,26.0,26.0,0.0
505,TUN,0,1,0,1,1972,1.0,0.0,1.0,2.0,37.0,37.0,0.0
506,TUR,0,1,0,1,1972,2.0,0.0,0.0,2.0,50.0,50.0,0.0
507,BRA,0,0,2,2,1972,0.0,1.0,2.0,3.0,104.0,104.0,0.0
508,ETH,0,0,2,2,1972,1.0,1.0,0.0,2.0,40.0,40.0,0.0
509,ESP,0,0,1,1,1972,0.0,0.0,1.0,1.0,162.0,162.0,0.0
510,GHA,0,0,1,1,1972,0.0,0.0,1.0,1.0,41.0,41.0,0.0
511,IND,0,0,1,1,1972,0.0,0.0,1.0,1.0,43.0,43.0,0.0
512,JAM,0,0,1,1,1972,0.0,1.0,0.0,1.0,51.0,51.0,0.0
513,NGR,0,0,1,1,1972,0.0,0.0,1.0,1.0,36.0,36.0,0.0
514,NIG,0,0,1,1,1972,nan,nan,nan,nan,4.0,4.0,0.0
515,URS,49,41,35,125,1976,50.0,27.0,22.0,99.0,574.0,574.0,0.0
516,GDR,40,25,25,90,1976,20.0,23.0,23.0,66.0,407.0,407.0,0.0
517,USA,34,35,25,94,1976,33.0,31.0,30.0,94.0,554.0,554.0,0.0
518,FRG,10,12,17,39,1976,13.0,11.0,16.0,40.0,452.0,452.0,0.0
519,JPN,9,6,10,25,1976,13.0,8.0,8.0,29.0,328.0,328.0,0.0
520,POL,7,6,13,26,1976,7.0,5.0,9.0,21.0,286.0,286.0,0.0
521,BUL,6,9,7,22,1976,6.0,10.0,5.0,21.0,254.0,254.0,0.0
522,CUB,6,4,3,13,1976,3.0,1.0,4.0,8.0,194.0,194.0,0.0
523,ROU,4,9,14,27,1976,3.0,6.0,7.0,16.0,255.0,255.0,0.0
524,HUN,4,5,13,22,1976,6.0,13.0,16.0,35.0,288.0,288.0,0.0
525,FIN,4,2,0,6,1976,3.0,1.0,4.0,8.0,108.0,108.0,0.0
526,SWE,4,1,0,5,1976,4.0,6.0,6.0,16.0,163.0,163.0,0.0
527,GBR,3,5,5,13,1976,4.0,5.0,9.0,18.0,353.0,353.0,0.0
528,ITA,2,7,4,13,1976,5.0,3.0,10.0,18.0,312.0,312.0,0.0
529,FRA,2,3,4,9,1976,2.0,4.0,7.0,13.0,302.0,302.0,0.0
530,YUG,2,3,3,8,1976,2.0,1.0,2.0,5.0,95.0,95.0,0.0
531,TCH,2,2,4,8,1976,2.0,4.0,2.0,8.0,251.0,251.0,0.0
532,NZL,2,1,1,4,1976,1.0,1.0,1.0,3.0,98.0,98.0,0.0
533,KOR,1,1,4,6,1976,0.0,1.0,0.0,1.0,51.0,51.0,0.0
534,SUI,1,1,2,4,1976,0.0,3.0,0.0,3.0,101.0,101.0,0.0
535,JAM,1,1,0,2,1976,0.0,0.0,1.0,1.0,36.0,36.0,0.0
536,NOR,1,1,0,2,1976,2.0,1.0,1.0,4.0,79.0,79.0,0.0
537,PRK,1,1,0,2,1976,1.0,1.0,3.0,5.0,40.0,40.0,0.0
538,DEN,1,0,2,3,1976,1.0,0.0,0.0,1.0,81.0,81.0,0.0
539,MEX,1,0,1,2,1976,0.0,1.0,0.0,1.0,137.0,137.0,0.0
540,TTO,1,0,0,1,1976,0.0,1.0,2.0,3.0,20.0,20.0,0.0
541,CAN,0,5,6,11,1976,0.0,2.0,3.0,5.0,531.0,531.0,0.0
542,BEL,0,3,3,6,1976,0.0,2.0,0.0,2.0,149.0,149.0,0.0
543,NED,0,2,3,5,1976,3.0,1.0,1.0,5.0,175.0,175.0,0.0
544,ESP,0,2,0,2,1976,0.0,0.0,1.0,1.0,160.0,160.0,0.0
545,POR,0,2,0,2,1976,0.0,1.0,0.0,1.0,36.0,36.0,0.0
546,AUS,0,1,4,5,1976,8.0,7.0,2.0,17.0,274.0,274.0,0.0
547,IRI,0,1,1,2,1976,0.0,2.0,1.0,3.0,104.0,104.0,0.0
548,MGL,0,1,0,1,1976,0.0,1.0,0.0,1.0,33.0,33.0,0.0
549,VEN,0,1,0,1,1976,1.0,0.0,0.0,1.0,56.0,56.0,0.0
550,BRA,0,0,2,2,1976,0.0,0.0,2.0,2.0,89.0,89.0,0.0
551,AUT,0,0,1,1,1976,0.0,1.0,2.0,3.0,73.0,73.0,0.0
552,BER,0,0,1,1,1976,nan,nan,nan,nan,20.0,20.0,0.0
553,PAK,0,0,1,1,1976,0.0,1.0,0.0,1.0,24.0,24.0,0.0
554,PUR,0,0,1,1,1976,0.0,0.0,1.0,1.0,112.0,112.0,0.0
555,THA,0,0,1,1,1976,nan,nan,nan,nan,62.0,62.0,0.0
556,URS,80,69,46,195,1980,49.0,41.0,35.0,125.0,660.0,660.0,0.0
557,GDR,47,37,42,126,1980,40.0,25.0,25.0,90.0,495.0,495.0,0.0
558,BUL,8,16,17,41,1980,6.0,9.0,7.0,22.0,397.0,397.0,0.0
559,CUB,8,7,5,20,1980,6.0,4.0,3.0,13.0,288.0,288.0,0.0
560,ITA,8,3,4,15,1980,2.0,7.0,4.0,13.0,203.0,203.0,0.0
561,HUN,7,10,15,32,1980,4.0,5.0,13.0,22.0,392.0,392.0,0.0
562,ROU,6,6,13,25,1980,4.0,9.0,14.0,27.0,339.0,339.0,0.0
563,FRA,6,5,3,14,1980,2.0,3.0,4.0,9.0,200.0,200.0,0.0
564,GBR,5,7,9,21,1980,3.0,5.0,5.0,13.0,328.0,328.0,0.0
565,POL,3,14,15,32,1980,7.0,6.0,13.0,26.0,418.0,418.0,0.0
566,SWE,3,3,6,12,1980,4.0,1.0,0.0,5.0,201.0,201.0,0.0
567,FIN,3,1,4,8,1980,4.0,2.0,0.0,6.0,125.0,125.0,0.0
568,TCH,2,3,9,14,1980,2.0,2.0,4.0,8.0,317.0,317.0,0.0
569,YUG,2,3,4,9,1980,2.0,3.0,3.0,8.0,180.0,180.0,0.0
570,AUS,2,2,5,9,1980,0.0,1.0,4.0,5.0,190.0,190.0,0.0
571,DEN,2,1,2,5,1980,1.0,0.0,2.0,3.0,60.0,60.0,0.0
572,BRA,2,0,2,4,1980,0.0,0.0,2.0,2.0,149.0,149.0,0.0
573,ETH,2,0,2,4,1980,0.0,0.0,2.0,2.0,48.0,48.0,0.0
574,SUI,2,0,0,2,1980,1.0,1.0,2.0,4.0,86.0,86.0,0.0
575,ESP,1,3,2,6,1980,0.0,2.0,0.0,2.0,211.0,211.0,0.0
576,AUT,1,2,1,4,1980,0.0,0.0,1.0,1.0,92.0,92.0,0.0
577,GRE,1,0,2,3,1980,0.0,2.0,0.0,2.0,45.0,45.0,0.0
578,BEL,1,0,0,1,1980,0.0,3.0,3.0,6.0,84.0,84.0,0.0
579,IND,1,0,0,1,1980,0.0,0.0,1.0,1.0,78.0,78.0,0.0
580,ZIM,1,0,0,1,1980,nan,nan,nan,nan,52.0,52.0,0.0
581,PRK,0,3,2,5,1980,1.0,1.0,0.0,2.0,121.0,121.0,0.0
582,MGL,0,2,2,4,1980,0.0,1.0,0.0,1.0,57.0,57.0,0.0
583,TAN,0,2,0,2,1980,nan,nan,nan,nan,48.0,48.0,0.0
584,MEX,0,1,3,4,1980,1.0,0.0,1.0,2.0,74.0,74.0,0.0
585,NED,0,1,2,3,1980,0.0,2.0,3.0,5.0,112.0,112.0,0.0
586,IRL,0,1,1,2,1980,0.0,0.0,1.0,1.0,57.0,57.0,0.0
587,UGA,0,1,0,1,1980,1.0,1.0,0.0,2.0,16.0,16.0,0.0
588,VEN,0,1,0,1,1980,0.0,1.0,0.0,1.0,43.0,43.0,0.0
589,JAM,0,0,3,3,1980,1.0,1.0,0.0,2.0,32.0,32.0,0.0
590,GUY,0,0,1,1,1980,nan,nan,nan,nan,10.0,10.0,0.0
591,LBN,0,0,1,1,1980,0.0,1.0,0.0,1.0,nan,nan,0.0
592,USA,83,61,30,174,1984,34.0,35.0,25.0,94.0,693.0,693.0,0.0
593,ROU,20,16,17,53,1984,6.0,6.0,13.0,25.0,193.0,193.0,0.0
594,FRG,17,19,23,59,1984,10.0,12.0,17.0,39.0,571.0,571.0,0.0
595,CHN,15,8,9,32,1984,nan,nan,nan,nan,323.0,323.0,0.0
596,ITA,14,6,12,32,1984,8.0,3.0,4.0,15.0,368.0,368.0,0.0
597,CAN,10,18,16,44,1984,0.0,5.0,6.0,11.0,572.0,572.0,0.0
598,JPN,10,8,14,32,1984,9.0,6.0,10.0,25.0,365.0,365.0,0.0
599,NZL,8,1,2,11,1984,2.0,1.0,1.0,4.0,162.0,162.0,0.0
600,YUG,7,4,7,18,1984,2.0,3.0,4.0,9.0,154.0,154.0,0.0
601,KOR,6,6,7,19,1984,1.0,1.0,4.0,6.0,240.0,240.0,0.0
602,GBR,5,11,21,37,1984,5.0,7.0,9.0,21.0,509.0,509.0,0.0
603,FRA,5,7,16,28,1984,6.0,5.0,3.0,14.0,354.0,354.0,0.0
604,NED,5,2,6,13,1984,0.0,1.0,2.0,3.0,185.0,185.0,0.0
605,AUS,4,8,12,24,1984,2.0,2.0,5.0,9.0,337.0,337.0,0.0
606,FIN,4,2,6,12,1984,3.0,1.0,4.0,8.0,107.0,107.0,0.0
607,SWE,2,11,6,19,1984,3.0,3.0,6.0,12.0,254.0,254.0,0.0
608,MEX,2,3,1,6,1984,0.0,1.0,3.0,4.0,155.0,155.0,0.0
609,MAR,2,0,0,2,1984,0.0,1.0,0.0,1.0,35.0,35.0,0.0
610,BRA,1,5,2,8,1984,2.0,0.0,2.0,4.0,197.0,197.0,0.0
611,ESP,1,2,2,5,1984,1.0,3.0,2.0,6.0,257.0,257.0,0.0
612,BEL,1,1,2,4,1984,1.0,0.0,0.0,1.0,86.0,86.0,0.0
613,AUT,1,1,1,3,1984,1.0,2.0,1.0,4.0,130.0,130.0,0.0
614,KEN,1,0,2,3,1984,2.0,3.0,4.0,9.0,67.0,67.0,0.0
615,POR,1,0,2,3,1984,0.0,2.0,0.0,2.0,48.0,48.0,0.0
616,PAK,1,0,0,1,1984,0.0,0.0,1.0,1.0,33.0,33.0,0.0
617,SUI,0,4,4,8,1984,2.0,0.0,0.0,2.0,245.0,245.0,0.0
618,DEN,0,3,3,6,1984,2.0,1.0,2.0,5.0,74.0,74.0,0.0
619,JAM,0,1,2,3,1984,0.0,0.0,3.0,3.0,75.0,75.0,0.0
620,NOR,0,1,2,3,1984,1.0,1.0,0.0,2.0,132.0,132.0,0.0
621,GRE,0,1,1,2,1984,1.0,0.0,2.0,3.0,73.0,73.0,0.0
622,NGR,0,1,1,2,1984,0.0,0.0,1.0,1.0,36.0,36.0,0.0
623,PUR,0,1,1,2,1984,0.0,0.0,1.0,1.0,58.0,58.0,0.0
624,CIV,0,1,0,1,1984,nan,nan,nan,nan,18.0,18.0,0.0
625,COL,0,1,0,1,1984,0.0,1.0,2.0,3.0,48.0,48.0,0.0
626,EGY,0,1,0,1,1984,0.0,1.0,1.0,2.0,148.0,148.0,0.0
627,IRL,0,1,0,1,1984,0.0,1.0,1.0,2.0,55.0,55.0,0.0
628,PER,0,1,0,1,1984,1.0,0.0,0.0,1.0,44.0,44.0,0.0
629,SYR,0,1,0,1,1984,nan,nan,nan,nan,9.0,9.0,0.0
630,THA,0,1,0,1,1984,0.0,0.0,1.0,1.0,40.0,40.0,0.0
631,TUR,0,0,3,3,1984,0.0,1.0,0.0,1.0,62.0,62.0,0.0
632,VEN,0,0,3,3,1984,0.0,1.0,0.0,1.0,44.0,44.0,0.0
633,ALG,0,0,2,2,1984,nan,nan,nan,nan,33.0,33.0,0.0
634,CMR,0,0,1,1,1984,0.0,1.0,0.0,1.0,56.0,56.0,0.0
635,DOM,0,0,1,1,1984,nan,nan,nan,nan,24.0,24.0,0.0
636,ISL,0,0,1,1,1984,0.0,1.0,0.0,1.0,35.0,35.0,0.0
637,TPE,0,0,1,1,1984,0.0,0.0,1.0,1.0,52.0,52.0,0.0
638,ZAM,0,0,1,1,1984,nan,nan,nan,nan,18.0,18.0,0.0
639,URS,55,31,46,132,1988,80.0,69.0,46.0,195.0,647.0,647.0,0.0
640,GDR,37,35,30,102,1988,47.0,37.0,42.0,126.0,402.0,402.0,0.0
641,USA,36,31,27,94,1988,83.0,61.0,30.0,174.0,715.0,715.0,0.0
642,KOR,12,10,11,33,1988,6.0,6.0,7.0,19.0,551.0,551.0,0.0
643,FRG,11,14,15,40,1988,17.0,19.0,23.0,59.0,516.0,516.0,0.0
644,HUN,11,6,6,23,1988,7.0,10.0,15.0,32.0,315.0,315.0,0.0
645,BUL,10,12,13,35,1988,8.0,16.0,17.0,41.0,281.0,281.0,0.0
646,ROU,7,11,6,24,1988,20.0,16.0,17.0,53.0,172.0,172.0,0.0
647,FRA,6,4,6,16,1988,5.0,7.0,16.0,28.0,413.0,413.0,0.0
648,ITA,6,4,4,14,1988,14.0,6.0,12.0,32.0,374.0,374.0,0.0
649,CHN,5,11,12,28,1988,15.0,8.0,9.0,32.0,427.0,427.0,0.0
650,GBR,5,10,9,24,1988,5.0,11.0,21.0,37.0,472.0,472.0,0.0
651,KEN,5,2,2,9,1988,1.0,0.0,2.0,3.0,88.0,88.0,0.0
652,JPN,4,3,7,14,1988,10.0,8.0,14.0,32.0,412.0,412.0,0.0
653,AUS,3,6,5,14,1988,4.0,8.0,12.0,24.0,339.0,339.0,0.0
654,YUG,3,4,5,12,1988,7.0,4.0,7.0,18.0,183.0,183.0,0.0
655,TCH,3,3,2,8,1988,2.0,3.0,9.0,14.0,226.0,226.0,0.0
656,NZL,3,2,8,13,1988,8.0,1.0,2.0,11.0,112.0,112.0,0.0
657,CAN,3,2,5,10,1988,10.0,18.0,16.0,44.0,503.0,503.0,0.0
658,POL,2,5,9,16,1988,3.0,14.0,15.0,32.0,192.0,192.0,0.0
659,NOR,2,3,0,5,1988,0.0,1.0,2.0,3.0,79.0,79.0,0.0
660,NED,2,2,5,9,1988,5.0,2.0,6.0,13.0,202.0,202.0,0.0
661,DEN,2,1,1,4,1988,0.0,3.0,3.0,6.0,130.0,130.0,0.0
662,BRA,1,2,3,6,1988,1.0,5.0,2.0,8.0,233.0,233.0,0.0
663,ESP,1,1,2,4,1988,1.0,2.0,2.0,5.0,317.0,317.0,0.0
664,FIN,1,1,2,4,1988,4.0,2.0,6.0,12.0,101.0,101.0,0.0
665,TUR,1,1,0,2,1988,0.0,0.0,3.0,3.0,51.0,51.0,0.0
666,MAR,1,0,2,3,1988,2.0,0.0,0.0,2.0,29.0,29.0,0.0
667,AUT,1,0,0,1,1988,1.0,1.0,1.0,3.0,96.0,96.0,0.0
668,POR,1,0,0,1,1988,1.0,0.0,2.0,3.0,91.0,91.0,0.0
669,SUR,1,0,0,1,1988,nan,nan,nan,nan,10.0,10.0,0.0
670,SWE,0,4,7,11,1988,2.0,11.0,6.0,19.0,251.0,251.0,0.0
671,SUI,0,2,2,4,1988,0.0,4.0,4.0,8.0,151.0,151.0,0.0
672,JAM,0,2,0,2,1988,0.0,1.0,2.0,3.0,49.0,49.0,0.0
673,ARG,0,1,1,2,1988,0.0,1.0,0.0,1.0,134.0,134.0,0.0
674,AHO,0,1,0,1,1988,nan,nan,nan,nan,4.0,4.0,0.0
675,CHI,0,1,0,1,1988,0.0,2.0,2.0,4.0,23.0,23.0,0.0
676,CRC,0,1,0,1,1988,nan,nan,nan,nan,33.0,33.0,0.0
677,INA,0,1,0,1,1988,nan,nan,nan,nan,43.0,43.0,0.0
678,IRI,0,1,0,1,1988,0.0,1.0,1.0,2.0,26.0,26.0,0.0
679,ISV,0,1,0,1,1988,nan,nan,nan,nan,46.0,46.0,0.0
680,PER,0,1,0,1,1988,0.0,1.0,0.0,1.0,26.0,26.0,0.0
681,SEN,0,1,0,1,1988,nan,nan,nan,nan,35.0,35.0,0.0
682,BEL,0,0,2,2,1988,1.0,1.0,2.0,4.0,85.0,85.0,0.0
683,MEX,0,0,2,2,1988,2.0,3.0,1.0,6.0,144.0,144.0,0.0
684,COL,0,0,1,1,1988,0.0,1.0,0.0,1.0,57.0,57.0,0.0
685,DJI,0,0,1,1,1988,nan,nan,nan,nan,6.0,6.0,0.0
686,GRE,0,0,1,1,1988,0.0,1.0,1.0,2.0,72.0,72.0,0.0
687,MGL,0,0,1,1,1988,0.0,2.0,2.0,4.0,32.0,32.0,0.0
688,PAK,0,0,1,1,1988,1.0,0.0,0.0,1.0,33.0,33.0,0.0
689,PHI,0,0,1,1,1988,0.0,1.0,0.0,1.0,42.0,42.0,0.0
690,THA,0,0,1,1,1988,0.0,1.0,0.0,1.0,15.0,15.0,0.0
691,EUN,45,38,29,112,1992,nan,nan,nan,nan,650.0,650.0,0.0
692,USA,37,34,37,108,1992,36.0,31.0,27.0,94.0,734.0,734.0,0.0
693,GER,33,21,28,82,1992,10.0,22.0,18.0,50.0,653.0,653.0,0.0
694,CHN,16,22,16,54,1992,5.0,11.0,12.0,28.0,394.0,394.0,0.0
695,CUB,14,6,11,31,1992,8.0,7.0,5.0,20.0,196.0,196.0,0.0
696,ESP,13,7,2,22,1992,1.0,1.0,2.0,4.0,537.0,537.0,0.0
697,KOR,12,5,12,29,1992,12.0,10.0,11.0,33.0,322.0,322.0,0.0
698,HUN,11,12,7,30,1992,11.0,6.0,6.0,23.0,351.0,351.0,0.0
699,FRA,8,5,16,29,1992,6.0,4.0,6.0,16.0,486.0,486.0,0.0
700,AUS,7,9,11,27,1992,3.0,6.0,5.0,14.0,390.0,390.0,0.0
701,CAN,7,4,7,18,1992,3.0,2.0,5.0,10.0,445.0,445.0,0.0
702,ITA,6,5,8,19,1992,6.0,4.0,4.0,14.0,431.0,431.0,0.0
703,GBR,5,3,12,20,1992,5.0,10.0,9.0,24.0,512.0,512.0,0.0
704,ROU,4,6,8,18,1992,7.0,11.0,6.0,24.0,306.0,306.0,0.0
705,TCH,4,2,1,7,1992,3.0,3.0,2.0,8.0,269.0,269.0,0.0
706,PRK,4,0,5,9,1992,0.0,3.0,2.0,5.0,123.0,123.0,0.0
707,JPN,3,8,11,22,1992,4.0,3.0,7.0,14.0,392.0,392.0,0.0
708,BUL,3,7,6,16,1992,10.0,12.0,13.0,35.0,236.0,236.0,0.0
709,POL,3,6,10,19,1992,2.0,5.0,9.0,16.0,263.0,263.0,0.0
710,NED,2,6,7,15,1992,2.0,2.0,5.0,9.0,257.0,257.0,0.0
711,KEN,2,4,2,8,1992,5.0,2.0,2.0,9.0,55.0,55.0,0.0
712,NOR,2,4,1,7,1992,2.0,3.0,0.0,5.0,114.0,114.0,0.0
713,TUR,2,2,2,6,1992,1.0,1.0,0.0,2.0,54.0,54.0,0.0
714,INA,2,2,1,5,1992,0.0,1.0,0.0,1.0,51.0,51.0,0.0
715,BRA,2,1,0,3,1992,1.0,2.0,3.0,6.0,233.0,233.0,0.0
716,GRE,2,0,0,2,1992,0.0,0.0,1.0,1.0,76.0,76.0,0.0
717,SWE,1,7,4,12,1992,0.0,4.0,7.0,11.0,252.0,252.0,0.0
718,NZL,1,4,5,10,1992,3.0,2.0,8.0,13.0,175.0,175.0,0.0
719,FIN,1,2,2,5,1992,1.0,1.0,2.0,4.0,130.0,130.0,0.0
720,DEN,1,1,4,6,1992,2.0,1.0,1.0,4.0,144.0,144.0,0.0
721,MAR,1,1,1,3,1992,1.0,0.0,2.0,3.0,45.0,45.0,0.0
722,IRL,1,1,0,2,1992,0.0,1.0,0.0,1.0,77.0,77.0,0.0
723,ETH,1,0,2,3,1992,2.0,0.0,2.0,4.0,24.0,24.0,0.0
724,ALG,1,0,1,2,1992,0.0,0.0,2.0,2.0,36.0,36.0,0.0
725,EST,1,0,1,2,1992,2.0,2.0,3.0,7.0,46.0,46.0,0.0
726,LTU,1,0,1,2,1992,nan,nan,nan,nan,54.0,54.0,0.0
727,SUI,1,0,0,1,1992,0.0,2.0,2.0,4.0,171.0,171.0,0.0
728,JAM,0,3,1,4,1992,0.0,2.0,0.0,2.0,51.0,51.0,0.0
729,NGR,0,3,1,4,1992,0.0,1.0,1.0,2.0,72.0,72.0,0.0
730,LAT,0,2,1,3,1992,0.0,1.0,1.0,2.0,40.0,40.0,0.0
731,AUT,0,2,0,2,1992,1.0,0.0,0.0,1.0,127.0,127.0,0.0
732,NAM,0,2,0,2,1992,nan,nan,nan,nan,10.0,10.0,0.0
733,RSA,0,2,0,2,1992,0.0,1.0,2.0,3.0,141.0,141.0,0.0
734,BEL,0,1,2,3,1992,0.0,0.0,2.0,2.0,103.0,103.0,0.0
735,CRO,0,1,2,3,1992,nan,nan,nan,nan,46.0,46.0,0.0
736,IRI,0,1,2,3,1992,0.0,1.0,0.0,1.0,44.0,44.0,0.0
737,ISR,0,1,1,2,1992,nan,nan,nan,nan,44.0,44.0,0.0
738,MEX,0,1,0,1,1992,0.0,0.0,2.0,2.0,140.0,140.0,0.0
739,PER,0,1,0,1,1992,0.0,1.0,0.0,1.0,21.0,21.0,0.0
740,TPE,0,1,0,1,1992,0.0,0.0,1.0,1.0,38.0,38.0,0.0
741,MGL,0,0,2,2,1992,0.0,0.0,1.0,1.0,38.0,38.0,0.0
742,SLO,0,0,2,2,1992,nan,nan,nan,nan,47.0,47.0,0.0
743,ARG,0,0,1,1,1992,0.0,1.0,1.0,2.0,111.0,111.0,0.0
744,BAH,0,0,1,1,1992,1.0,0.0,0.0,1.0,18.0,18.0,0.0
745,COL,0,0,1,1,1992,0.0,0.0,1.0,1.0,61.0,61.0,0.0
746,GHA,0,0,1,1,1992,0.0,0.0,1.0,1.0,41.0,41.0,0.0
747,MAS,0,0,1,1,1992,nan,nan,nan,nan,30.0,30.0,0.0
748,PAK,0,0,1,1,1992,0.0,0.0,1.0,1.0,28.0,28.0,0.0
749,PHI,0,0,1,1,1992,0.0,0.0,1.0,1.0,38.0,38.0,0.0
750,PUR,0,0,1,1,1992,0.0,1.0,1.0,2.0,101.0,101.0,0.0
751,QAT,0,0,1,1,1992,nan,nan,nan,nan,30.0,30.0,0.0
752,SUR,0,0,1,1,1992,1.0,0.0,0.0,1.0,9.0,9.0,0.0
753,THA,0,0,1,1,1992,0.0,0.0,1.0,1.0,64.0,64.0,0.0
754,USA,44,32,25,101,1996,37.0,34.0,37.0,108.0,839.0,839.0,0.0
755,RUS,26,21,16,63,1996,0.0,2.0,3.0,5.0,552.0,552.0,0.0
756,GER,20,18,27,65,1996,33.0,21.0,28.0,82.0,626.0,626.0,0.0
757,CHN,16,22,12,50,1996,16.0,22.0,16.0,54.0,438.0,438.0,0.0
758,FRA,15,7,15,37,1996,8.0,5.0,16.0,29.0,453.0,453.0,0.0
759,ITA,13,10,12,35,1996,6.0,5.0,8.0,19.0,460.0,460.0,0.0
760,AUS,9,9,23,41,1996,7.0,9.0,11.0,27.0,550.0,550.0,0.0
761,CUB,9,8,8,25,1996,14.0,6.0,11.0,31.0,178.0,178.0,0.0
762,UKR,9,2,12,23,1996,nan,nan,nan,nan,351.0,351.0,0.0
763,KOR,7,15,5,27,1996,12.0,5.0,12.0,29.0,417.0,417.0,0.0
764,POL,7,5,5,17,1996,3.0,6.0,10.0,19.0,207.0,207.0,0.0
765,HUN,7,4,10,21,1996,11.0,12.0,7.0,30.0,315.0,315.0,0.0
766,ESP,5,6,6,17,1996,13.0,7.0,2.0,22.0,384.0,384.0,0.0
767,ROU,4,7,9,20,1996,4.0,6.0,8.0,18.0,284.0,284.0,0.0
768,NED,4,5,10,19,1996,2.0,6.0,7.0,15.0,290.0,290.0,0.0
769,GRE,4,4,0,8,1996,2.0,0.0,0.0,2.0,180.0,180.0,0.0
770,CZE,4,3,4,11,1996,nan,nan,nan,nan,169.0,169.0,0.0
771,SUI,4,3,0,7,1996,1.0,0.0,0.0,1.0,172.0,172.0,0.0
772,DEN,4,1,1,6,1996,1.0,1.0,4.0,6.0,145.0,145.0,0.0
773,TUR,4,1,1,6,1996,2.0,2.0,2.0,6.0,61.0,61.0,0.0
774,CAN,3,11,8,22,1996,7.0,4.0,7.0,18.0,408.0,408.0,0.0
775,BUL,3,7,5,15,1996,3.0,7.0,6.0,16.0,181.0,181.0,0.0
776,JPN,3,6,5,14,1996,3.0,8.0,11.0,22.0,448.0,448.0,0.0
777,KAZ,3,4,4,11,1996,nan,nan,nan,nan,142.0,142.0,0.0
778,BRA,3,3,9,15,1996,2.0,1.0,0.0,3.0,251.0,251.0,0.0
779,NZL,3,2,1,6,1996,1.0,4.0,5.0,10.0,129.0,129.0,0.0
780,RSA,3,1,1,5,1996,0.0,2.0,0.0,2.0,111.0,111.0,0.0
781,IRL,3,0,1,4,1996,1.0,1.0,0.0,2.0,99.0,99.0,0.0
782,SWE,2,4,2,8,1996,1.0,7.0,4.0,12.0,233.0,233.0,0.0
783,NOR,2,2,3,7,1996,2.0,4.0,1.0,7.0,116.0,116.0,0.0
784,BEL,2,2,2,6,1996,0.0,1.0,2.0,3.0,81.0,81.0,0.0
785,NGR,2,1,3,6,1996,0.0,3.0,1.0,4.0,84.0,84.0,0.0
786,PRK,2,1,2,5,1996,4.0,0.0,5.0,9.0,36.0,36.0,0.0
787,ALG,2,0,1,3,1996,1.0,0.0,1.0,2.0,47.0,47.0,0.0
788,ETH,2,0,1,3,1996,1.0,0.0,2.0,3.0,19.0,19.0,0.0
789,GBR,1,8,6,15,1996,5.0,3.0,12.0,20.0,391.0,391.0,0.0
790,BLR,1,6,8,15,1996,nan,nan,nan,nan,259.0,259.0,0.0
791,KEN,1,4,3,8,1996,2.0,4.0,2.0,8.0,54.0,54.0,0.0
792,JAM,1,3,2,6,1996,0.0,3.0,1.0,4.0,69.0,69.0,0.0
793,FIN,1,2,1,4,1996,1.0,2.0,2.0,5.0,105.0,105.0,0.0
794,YUG,1,1,2,4,1996,3.0,4.0,5.0,12.0,nan,nan,0.0
795,INA,1,1,2,4,1996,2.0,2.0,1.0,5.0,45.0,45.0,0.0
796,IRI,1,1,1,3,1996,0.0,1.0,2.0,3.0,18.0,18.0,0.0
797,SVK,1,1,1,3,1996,nan,nan,nan,nan,98.0,98.0,0.0
798,ARM,1,1,0,2,1996,nan,nan,nan,nan,38.0,38.0,0.0
799,CRO,1,1,0,2,1996,0.0,1.0,2.0,3.0,117.0,117.0,0.0
800,POR,1,0,1,2,1996,1.0,0.0,0.0,1.0,131.0,131.0,0.0
801,THA,1,0,1,2,1996,0.0,0.0,1.0,1.0,58.0,58.0,0.0
802,BDI,1,0,0,1,1996,nan,nan,nan,nan,7.0,7.0,0.0
803,CRC,1,0,0,1,1996,0.0,1.0,0.0,1.0,13.0,13.0,0.0
804,ECU,1,0,0,1,1996,nan,nan,nan,nan,28.0,28.0,0.0
805,HKG,1,0,0,1,1996,nan,nan,nan,nan,32.0,32.0,0.0
806,SYR,1,0,0,1,1996,0.0,1.0,0.0,1.0,8.0,8.0,0.0
807,ARG,0,2,1,3,1996,0.0,0.0,1.0,1.0,221.0,221.0,0.0
808,NAM,0,2,0,2,1996,0.0,2.0,0.0,2.0,10.0,10.0,0.0
809,SLO,0,2,0,2,1996,0.0,0.0,2.0,2.0,47.0,47.0,0.0
810,AUT,0,1,2,3,1996,0.0,2.0,0.0,2.0,92.0,92.0,0.0
811,MAS,0,1,1,2,1996,0.0,0.0,1.0,1.0,43.0,43.0,0.0
812,MDA,0,1,1,2,1996,nan,nan,nan,nan,50.0,50.0,0.0
813,UZB,0,1,1,2,1996,nan,nan,nan,nan,95.0,95.0,0.0
814,AZE,0,1,0,1,1996,nan,nan,nan,nan,24.0,24.0,0.0
815,BAH,0,1,0,1,1996,0.0,0.0,1.0,1.0,36.0,36.0,0.0
816,LAT,0,1,0,1,1996,0.0,2.0,1.0,3.0,55.0,55.0,0.0
817,PHI,0,1,0,1,1996,0.0,0.0,1.0,1.0,18.0,18.0,0.0
818,TGA,0,1,0,1,1996,nan,nan,nan,nan,5.0,5.0,0.0
819,TPE,0,1,0,1,1996,0.0,1.0,0.0,1.0,107.0,107.0,0.0
820,ZAM,0,1,0,1,1996,0.0,0.0,1.0,1.0,8.0,8.0,0.0
821,GEO,0,0,2,2,1996,nan,nan,nan,nan,42.0,42.0,0.0
822,MAR,0,0,2,2,1996,1.0,1.0,1.0,3.0,38.0,38.0,0.0
823,TTO,0,0,2,2,1996,1.0,0.0,0.0,1.0,16.0,16.0,0.0
824,IND,0,0,1,1,1996,1.0,0.0,0.0,1.0,54.0,54.0,0.0
825,ISR,0,0,1,1,1996,0.0,1.0,1.0,2.0,38.0,38.0,0.0
826,LTU,0,0,1,1,1996,1.0,0.0,1.0,2.0,81.0,81.0,0.0
827,MEX,0,0,1,1,1996,0.0,1.0,0.0,1.0,111.0,111.0,0.0
828,MGL,0,0,1,1,1996,0.0,0.0,2.0,2.0,18.0,18.0,0.0
829,MOZ,0,0,1,1,1996,nan,nan,nan,nan,3.0,3.0,0.0
830,PUR,0,0,1,1,1996,0.0,0.0,1.0,1.0,91.0,91.0,0.0
831,TUN,0,0,1,1,1996,0.0,1.0,0.0,1.0,52.0,52.0,0.0
832,UGA,0,0,1,1,1996,0.0,1.0,0.0,1.0,12.0,12.0,0.0
833,USA,37,24,32,93,2000,44.0,32.0,25.0,101.0,764.0,764.0,0.0
834,RUS,32,28,29,89,2000,26.0,21.0,16.0,63.0,602.0,602.0,0.0
835,CHN,28,16,14,58,2000,16.0,22.0,12.0,50.0,414.0,414.0,0.0
836,AUS,16,25,17,58,2000,9.0,9.0,23.0,41.0,788.0,788.0,0.0
837,GER,13,17,26,56,2000,20.0,18.0,27.0,65.0,567.0,567.0,0.0
838,FRA,13,14,11,38,2000,15.0,7.0,15.0,37.0,470.0,470.0,0.0
839,ITA,13,8,13,34,2000,13.0,10.0,12.0,35.0,457.0,457.0,0.0
840,NED,12,9,4,25,2000,4.0,5.0,10.0,19.0,285.0,285.0,0.0
841,CUB,11,11,7,29,2000,9.0,8.0,8.0,25.0,271.0,271.0,0.0
842,GBR,11,10,7,28,2000,1.0,8.0,6.0,15.0,415.0,415.0,0.0
843,ROU,11,6,9,26,2000,4.0,7.0,9.0,20.0,252.0,252.0,0.0
844,KOR,8,10,10,28,2000,7.0,15.0,5.0,27.0,359.0,359.0,0.0
845,HUN,8,6,3,17,2000,7.0,4.0,10.0,21.0,238.0,238.0,0.0
846,POL,6,5,3,14,2000,7.0,5.0,5.0,17.0,240.0,240.0,0.0
847,JPN,5,8,5,18,2000,3.0,6.0,5.0,14.0,363.0,363.0,0.0
848,BUL,5,6,2,13,2000,3.0,7.0,5.0,15.0,150.0,150.0,0.0
849,GRE,4,6,3,13,2000,4.0,4.0,0.0,8.0,175.0,175.0,0.0
850,SWE,4,5,3,12,2000,2.0,4.0,2.0,8.0,198.0,198.0,0.0
851,NOR,4,3,3,10,2000,2.0,2.0,3.0,7.0,115.0,115.0,0.0
852,ETH,4,1,3,8,2000,2.0,0.0,1.0,3.0,27.0,27.0,0.0
853,UKR,3,10,10,23,2000,9.0,2.0,12.0,23.0,368.0,368.0,0.0
854,KAZ,3,4,0,7,2000,3.0,4.0,4.0,11.0,158.0,158.0,0.0
855,BLR,3,3,11,17,2000,1.0,6.0,8.0,15.0,231.0,231.0,0.0
856,CAN,3,3,8,14,2000,3.0,11.0,8.0,22.0,422.0,422.0,0.0
857,ESP,3,3,5,11,2000,5.0,6.0,6.0,17.0,431.0,431.0,0.0
858,TUR,3,0,2,5,2000,4.0,1.0,1.0,6.0,67.0,67.0,0.0
859,IRI,3,0,1,4,2000,1.0,1.0,1.0,3.0,34.0,34.0,0.0
860,CZE,2,3,3,8,2000,4.0,3.0,4.0,11.0,162.0,162.0,0.0
861,KEN,2,3,2,7,2000,1.0,4.0,3.0,8.0,59.0,59.0,0.0
862,DEN,2,3,1,6,2000,4.0,1.0,1.0,6.0,124.0,124.0,0.0
863,FIN,2,1,1,4,2000,1.0,2.0,1.0,4.0,88.0,88.0,0.0
864,AUT,2,1,0,3,2000,0.0,1.0,2.0,3.0,114.0,114.0,0.0
865,LTU,2,0,3,5,2000,0.0,0.0,1.0,1.0,77.0,77.0,0.0
866,AZE,2,0,1,3,2000,0.0,1.0,0.0,1.0,32.0,32.0,0.0
867,BAH,2,0,1,3,2000,0.0,1.0,0.0,1.0,39.0,39.0,0.0
868,SLO,2,0,0,2,2000,0.0,2.0,0.0,2.0,90.0,90.0,0.0
869,SUI,1,6,2,9,2000,4.0,3.0,0.0,7.0,138.0,138.0,0.0
870,INA,1,3,2,6,2000,1.0,1.0,2.0,4.0,54.0,54.0,0.0
871,SVK,1,3,1,5,2000,1.0,1.0,1.0,3.0,132.0,132.0,0.0
872,MEX,1,2,3,6,2000,0.0,0.0,1.0,1.0,98.0,98.0,0.0
873,NGR,1,2,0,3,2000,2.0,1.0,3.0,6.0,100.0,100.0,0.0
874,ALG,1,1,3,5,2000,2.0,0.0,1.0,3.0,51.0,51.0,0.0
875,UZB,1,1,2,4,2000,0.0,1.0,1.0,2.0,85.0,85.0,0.0
876,YUG,1,1,1,3,2000,1.0,1.0,2.0,4.0,nan,nan,0.0
877,LAT,1,1,1,3,2000,0.0,1.0,0.0,1.0,60.0,60.0,0.0
878,NZL,1,0,3,4,2000,3.0,2.0,1.0,6.0,177.0,177.0,0.0
879,EST,1,0,2,3,2000,1.0,0.0,1.0,2.0,41.0,41.0,0.0
880,THA,1,0,2,3,2000,1.0,0.0,1.0,2.0,68.0,68.0,0.0
881,CRO,1,0,1,2,2000,1.0,1.0,0.0,2.0,108.0,108.0,0.0
882,CMR,1,0,0,1,2000,0.0,0.0,1.0,1.0,39.0,39.0,0.0
883,COL,1,0,0,1,2000,0.0,0.0,1.0,1.0,54.0,54.0,0.0
884,MOZ,1,0,0,1,2000,0.0,0.0,1.0,1.0,4.0,4.0,0.0
885,BRA,0,6,6,12,2000,3.0,3.0,9.0,15.0,236.0,236.0,0.0
886,JAM,0,6,3,9,2000,1.0,3.0,2.0,6.0,65.0,65.0,0.0
887,BEL,0,2,3,5,2000,2.0,2.0,2.0,6.0,94.0,94.0,0.0
888,RSA,0,2,3,5,2000,3.0,1.0,1.0,5.0,161.0,161.0,0.0
889,ARG,0,2,2,4,2000,0.0,2.0,1.0,3.0,165.0,165.0,0.0
890,MAR,0,1,4,5,2000,0.0,0.0,2.0,2.0,55.0,55.0,0.0
891,TPE,0,1,4,5,2000,0.0,1.0,0.0,1.0,75.0,75.0,0.0
892,PRK,0,1,3,4,2000,2.0,1.0,2.0,5.0,47.0,47.0,0.0
893,KSA,0,1,1,2,2000,nan,nan,nan,nan,23.0,23.0,0.0
894,MDA,0,1,1,2,2000,0.0,1.0,1.0,2.0,35.0,35.0,0.0
895,TTO,0,1,1,2,2000,0.0,0.0,2.0,2.0,29.0,29.0,0.0
896,IRL,0,1,0,1,2000,3.0,0.0,1.0,4.0,76.0,76.0,0.0
897,SRI,0,1,0,1,2000,0.0,1.0,0.0,1.0,24.0,24.0,0.0
898,URU,0,1,0,1,2000,0.0,0.0,1.0,1.0,17.0,17.0,0.0
899,VIE,0,1,0,1,2000,nan,nan,nan,nan,7.0,7.0,0.0
900,GEO,0,0,6,6,2000,0.0,0.0,2.0,2.0,47.0,47.0,0.0
901,CRC,0,0,2,2,2000,1.0,0.0,0.0,1.0,9.0,9.0,0.0
902,POR,0,0,2,2,2000,1.0,0.0,1.0,2.0,64.0,64.0,0.0
903,ARM,0,0,1,1,2000,1.0,1.0,0.0,2.0,26.0,26.0,0.0
904,BAR,0,0,1,1,2000,nan,nan,nan,nan,28.0,28.0,0.0
905,CHI,0,0,1,1,2000,0.0,1.0,0.0,1.0,58.0,58.0,0.0
906,IND,0,0,1,1,2000,0.0,0.0,1.0,1.0,70.0,70.0,0.0
907,ISL,0,0,1,1,2000,0.0,0.0,1.0,1.0,29.0,29.0,0.0
908,ISR,0,0,1,1,2000,0.0,0.0,1.0,1.0,58.0,58.0,0.0
909,KGZ,0,0,1,1,2000,nan,nan,nan,nan,71.0,71.0,0.0
910,KUW,0,0,1,1,2000,nan,nan,nan,nan,30.0,30.0,0.0
911,MKD,0,0,1,1,2000,nan,nan,nan,nan,15.0,15.0,0.0
912,QAT,0,0,1,1,2000,0.0,0.0,1.0,1.0,19.0,19.0,0.0
913,USA,36,39,26,101,2004,37.0,24.0,32.0,93.0,726.0,726.0,0.0
914,CHN,32,17,14,63,2004,28.0,16.0,14.0,58.0,518.0,518.0,0.0
915,RUS,28,26,36,90,2004,32.0,28.0,29.0,89.0,593.0,593.0,0.0
916,AUS,17,16,17,50,2004,16.0,25.0,17.0,58.0,601.0,601.0,0.0
917,JPN,16,9,12,37,2004,5.0,8.0,5.0,18.0,414.0,414.0,0.0
918,GER,13,16,20,49,2004,13.0,17.0,26.0,56.0,592.0,592.0,0.0
919,FRA,11,9,13,33,2004,13.0,14.0,11.0,38.0,461.0,461.0,0.0
920,ITA,10,11,11,32,2004,13.0,8.0,13.0,34.0,474.0,474.0,0.0
921,KOR,9,12,9,30,2004,8.0,10.0,10.0,28.0,344.0,344.0,0.0
922,GBR,9,9,12,30,2004,11.0,10.0,7.0,28.0,360.0,360.0,0.0
923,CUB,9,7,11,27,2004,11.0,11.0,7.0,29.0,177.0,177.0,0.0
924,HUN,8,6,3,17,2004,8.0,6.0,3.0,17.0,258.0,258.0,0.0
925,UKR,8,5,9,22,2004,3.0,10.0,10.0,23.0,357.0,357.0,0.0
926,ROU,8,5,6,19,2004,11.0,6.0,9.0,26.0,193.0,193.0,0.0
927,GRE,6,6,4,16,2004,4.0,6.0,3.0,13.0,499.0,499.0,0.0
928,BRA,5,2,3,10,2004,0.0,6.0,6.0,12.0,318.0,318.0,0.0
929,NOR,5,0,1,6,2004,4.0,3.0,3.0,10.0,60.0,60.0,0.0
930,NED,4,9,9,22,2004,12.0,9.0,4.0,25.0,264.0,264.0,0.0
931,SWE,4,2,1,7,2004,4.0,5.0,3.0,12.0,157.0,157.0,0.0
932,ESP,3,11,6,20,2004,3.0,3.0,5.0,11.0,423.0,423.0,0.0
933,CAN,3,6,3,12,2004,3.0,3.0,8.0,14.0,391.0,391.0,0.0
934,TUR,3,3,4,10,2004,3.0,0.0,2.0,5.0,74.0,74.0,0.0
935,POL,3,2,5,10,2004,6.0,5.0,3.0,14.0,224.0,224.0,0.0
936,NZL,3,2,0,5,2004,1.0,0.0,3.0,4.0,184.0,184.0,0.0
937,THA,3,1,4,8,2004,1.0,0.0,2.0,3.0,51.0,51.0,0.0
938,BLR,2,5,6,13,2004,3.0,3.0,11.0,17.0,192.0,192.0,0.0
939,AUT,2,4,1,7,2004,2.0,1.0,0.0,3.0,92.0,92.0,0.0
940,ETH,2,3,2,7,2004,4.0,1.0,3.0,8.0,27.0,27.0,0.0
941,IRI,2,2,2,6,2004,3.0,0.0,1.0,4.0,37.0,37.0,0.0
942,SVK,2,2,2,6,2004,1.0,3.0,1.0,5.0,84.0,84.0,0.0
943,TPE,2,2,1,5,2004,0.0,1.0,4.0,5.0,104.0,104.0,0.0
944,GEO,2,2,0,4,2004,0.0,0.0,6.0,6.0,39.0,39.0,0.0
945,BUL,2,1,9,12,2004,5.0,6.0,2.0,13.0,119.0,119.0,0.0
946,DEN,2,1,5,8,2004,2.0,3.0,1.0,6.0,115.0,115.0,0.0
947,JAM,2,1,2,5,2004,0.0,6.0,3.0,9.0,62.0,62.0,0.0
948,UZB,2,1,2,5,2004,1.0,1.0,2.0,4.0,79.0,79.0,0.0
949,MAR,2,1,0,3,2004,0.0,1.0,4.0,5.0,57.0,57.0,0.0
950,ARG,2,0,4,6,2004,0.0,2.0,2.0,4.0,179.0,179.0,0.0
951,CHI,2,0,1,3,2004,0.0,0.0,1.0,1.0,29.0,29.0,0.0
952,KAZ,1,4,3,8,2004,3.0,4.0,0.0,7.0,130.0,130.0,0.0
953,KEN,1,4,2,7,2004,2.0,3.0,2.0,7.0,46.0,46.0,0.0
954,CZE,1,3,5,9,2004,2.0,3.0,3.0,8.0,171.0,171.0,0.0
955,RSA,1,3,2,6,2004,0.0,2.0,3.0,5.0,128.0,128.0,0.0
956,CRO,1,2,2,5,2004,1.0,0.0,1.0,2.0,100.0,100.0,0.0
957,LTU,1,2,0,3,2004,2.0,0.0,3.0,5.0,70.0,70.0,0.0
958,EGY,1,1,3,5,2004,0.0,1.0,0.0,1.0,104.0,104.0,0.0
959,SUI,1,1,3,5,2004,1.0,6.0,2.0,9.0,138.0,138.0,0.0
960,INA,1,1,2,4,2004,1.0,3.0,2.0,6.0,39.0,39.0,0.0
961,ZIM,1,1,1,3,2004,1.0,0.0,0.0,1.0,14.0,14.0,0.0
962,AZE,1,0,4,5,2004,2.0,0.0,1.0,3.0,37.0,37.0,0.0
963,BEL,1,0,2,3,2004,0.0,2.0,3.0,5.0,70.0,70.0,0.0
964,BAH,1,0,1,2,2004,2.0,0.0,1.0,3.0,28.0,28.0,0.0
965,ISR,1,0,1,2,2004,0.0,0.0,1.0,1.0,46.0,46.0,0.0
966,CMR,1,0,0,1,2004,1.0,0.0,0.0,1.0,19.0,19.0,0.0
967,DOM,1,0,0,1,2004,0.0,0.0,1.0,1.0,33.0,33.0,0.0
968,UAE,1,0,0,1,2004,nan,nan,nan,nan,5.0,5.0,0.0
969,PRK,0,4,1,5,2004,0.0,1.0,3.0,4.0,71.0,71.0,0.0
970,LAT,0,4,0,4,2004,1.0,1.0,1.0,3.0,45.0,45.0,0.0
971,MEX,0,3,1,4,2004,1.0,2.0,3.0,6.0,137.0,137.0,0.0
972,POR,0,2,1,3,2004,0.0,0.0,2.0,2.0,93.0,93.0,0.0
973,FIN,0,2,0,2,2004,2.0,1.0,1.0,4.0,67.0,67.0,0.0
974,SCG,0,2,0,2,2004,nan,nan,nan,nan,96.0,96.0,0.0
975,SLO,0,1,3,4,2004,2.0,0.0,0.0,2.0,102.0,102.0,0.0
976,EST,0,1,2,3,2004,1.0,0.0,2.0,3.0,45.0,45.0,0.0
977,HKG,0,1,0,1,2004,1.0,0.0,0.0,1.0,42.0,42.0,0.0
978,IND,0,1,0,1,2004,0.0,0.0,1.0,1.0,81.0,81.0,0.0
979,PAR,0,1,0,1,2004,nan,nan,nan,nan,22.0,22.0,0.0
980,COL,0,0,2,2,2004,1.0,0.0,0.0,1.0,71.0,71.0,0.0
981,NGR,0,0,2,2,2004,1.0,2.0,0.0,3.0,79.0,79.0,0.0
982,VEN,0,0,2,2,2004,0.0,0.0,3.0,3.0,53.0,53.0,0.0
983,ERI,0,0,1,1,2004,nan,nan,nan,nan,5.0,5.0,0.0
984,MGL,0,0,1,1,2004,0.0,0.0,1.0,1.0,21.0,21.0,0.0
985,SYR,0,0,1,1,2004,1.0,0.0,0.0,1.0,6.0,6.0,0.0
986,TTO,0,0,1,1,2004,0.0,1.0,1.0,2.0,26.0,26.0,0.0
987,CHN,48,22,30,100,2008,32.0,17.0,14.0,63.0,730.0,730.0,0.0
988,USA,36,39,37,112,2008,36.0,39.0,26.0,101.0,763.0,763.0,0.0
989,RUS,24,13,23,60,2008,28.0,26.0,36.0,90.0,600.0,600.0,0.0
990,GBR,19,13,19,51,2008,9.0,9.0,12.0,30.0,420.0,420.0,0.0
991,GER,16,11,14,41,2008,13.0,16.0,20.0,49.0,558.0,558.0,0.0
992,AUS,14,15,17,46,2008,17.0,16.0,17.0,50.0,570.0,570.0,0.0
993,KOR,13,11,8,32,2008,9.0,12.0,9.0,30.0,329.0,329.0,0.0
994,JPN,9,8,8,25,2008,16.0,9.0,12.0,37.0,457.0,457.0,0.0
995,ITA,8,9,10,27,2008,10.0,11.0,11.0,32.0,459.0,459.0,0.0
996,FRA,7,16,20,43,2008,11.0,9.0,13.0,33.0,448.0,448.0,0.0
997,NED,7,5,4,16,2008,4.0,9.0,9.0,22.0,283.0,283.0,0.0
998,UKR,7,4,11,22,2008,8.0,5.0,9.0,22.0,327.0,327.0,0.0
999,KEN,6,4,6,16,2008,1.0,4.0,2.0,7.0,47.0,47.0,0.0
1000,ESP,5,11,3,19,2008,3.0,11.0,6.0,20.0,355.0,355.0,0.0
1001,JAM,5,4,2,11,2008,2.0,1.0,2.0,5.0,66.0,66.0,0.0
1002,POL,4,5,2,11,2008,3.0,2.0,5.0,10.0,316.0,316.0,0.0
1003,ETH,4,2,1,7,2008,2.0,3.0,2.0,7.0,29.0,29.0,0.0
1004,ROU,4,1,4,9,2008,8.0,5.0,6.0,19.0,172.0,172.0,0.0
1005,CUB,3,10,17,30,2008,9.0,7.0,11.0,27.0,171.0,171.0,0.0
1006,CAN,3,9,8,20,2008,3.0,6.0,3.0,12.0,449.0,449.0,0.0
1007,HUN,3,5,2,10,2008,8.0,6.0,3.0,17.0,216.0,216.0,0.0
1008,NOR,3,5,1,9,2008,5.0,0.0,1.0,6.0,102.0,102.0,0.0
1009,BRA,3,4,10,17,2008,5.0,2.0,3.0,10.0,338.0,338.0,0.0
1010,BLR,3,4,7,14,2008,2.0,5.0,6.0,13.0,237.0,237.0,0.0
1011,CZE,3,3,1,7,2008,1.0,3.0,5.0,9.0,158.0,158.0,0.0
1012,SVK,3,3,0,6,2008,2.0,2.0,2.0,6.0,67.0,67.0,0.0
1013,NZL,3,2,4,9,2008,3.0,2.0,0.0,5.0,201.0,201.0,0.0
1014,GEO,3,2,2,7,2008,2.0,2.0,0.0,4.0,38.0,38.0,0.0
1015,KAZ,2,3,4,9,2008,1.0,4.0,3.0,8.0,146.0,146.0,0.0
1016,DEN,2,2,3,7,2008,2.0,1.0,5.0,8.0,108.0,108.0,0.0
1017,PRK,2,2,2,6,2008,0.0,4.0,1.0,5.0,66.0,66.0,0.0
1018,THA,2,2,2,6,2008,3.0,1.0,4.0,8.0,53.0,53.0,0.0
1019,MGL,2,2,0,4,2008,0.0,0.0,1.0,1.0,31.0,31.0,0.0
1020,SUI,2,1,4,7,2008,1.0,1.0,3.0,5.0,116.0,116.0,0.0
1021,ARG,2,0,4,6,2008,2.0,0.0,4.0,6.0,145.0,145.0,0.0
1022,MEX,2,0,2,4,2008,0.0,3.0,1.0,4.0,103.0,103.0,0.0
1023,BEL,2,0,0,2,2008,1.0,0.0,2.0,3.0,112.0,112.0,0.0
1024,ZIM,1,3,0,4,2008,1.0,1.0,1.0,3.0,16.0,16.0,0.0
1025,SLO,1,2,2,5,2008,0.0,1.0,3.0,4.0,73.0,73.0,0.0
1026,AZE,1,1,4,6,2008,1.0,0.0,4.0,5.0,44.0,44.0,0.0
1027,INA,1,1,4,6,2008,1.0,1.0,2.0,4.0,26.0,26.0,0.0
1028,BUL,1,1,3,5,2008,2.0,1.0,9.0,12.0,87.0,87.0,0.0
1029,TUR,1,1,3,5,2008,3.0,3.0,4.0,10.0,71.0,71.0,0.0
1030,FIN,1,1,2,4,2008,0.0,2.0,0.0,2.0,70.0,70.0,0.0
1031,TPE,1,1,2,4,2008,2.0,2.0,1.0,5.0,92.0,92.0,0.0
1032,LAT,1,1,1,3,2008,0.0,4.0,0.0,4.0,53.0,53.0,0.0
1033,DOM,1,1,0,2,2008,1.0,0.0,0.0,1.0,27.0,27.0,0.0
1034,EST,1,1,0,2,2008,0.0,1.0,2.0,3.0,53.0,53.0,0.0
1035,POR,1,1,0,2,2008,0.0,2.0,1.0,3.0,87.0,87.0,0.0
1036,TTO,1,1,0,2,2008,0.0,0.0,1.0,1.0,35.0,35.0,0.0
1037,IND,1,0,2,3,2008,0.0,1.0,0.0,1.0,67.0,67.0,0.0
1038,IRI,1,0,1,2,2008,2.0,2.0,2.0,6.0,55.0,55.0,0.0
1039,CMR,1,0,0,1,2008,1.0,0.0,0.0,1.0,32.0,32.0,0.0
1040,PAN,1,0,0,1,2008,0.0,0.0,2.0,2.0,5.0,5.0,0.0
1041,TUN,1,0,0,1,2008,0.0,0.0,1.0,1.0,29.0,29.0,0.0
1042,SWE,0,4,1,5,2008,4.0,2.0,1.0,7.0,169.0,169.0,0.0
1043,LTU,0,3,2,5,2008,1.0,2.0,0.0,3.0,78.0,78.0,0.0
1044,NGR,0,3,2,5,2008,0.0,0.0,2.0,2.0,89.0,89.0,0.0
1045,CRO,0,2,3,5,2008,1.0,2.0,2.0,5.0,125.0,125.0,0.0
1046,COL,0,2,1,3,2008,0.0,0.0,2.0,2.0,90.0,90.0,0.0
1047,GRE,0,2,1,3,2008,6.0,6.0,4.0,16.0,176.0,176.0,0.0
1048,ARM,0,1,4,5,2008,0.0,0.0,1.0,1.0,26.0,26.0,0.0
1049,UZB,0,1,3,4,2008,2.0,1.0,2.0,5.0,69.0,69.0,0.0
1050,AUT,0,1,2,3,2008,2.0,4.0,1.0,7.0,93.0,93.0,0.0
1051,IRL,0,1,2,3,2008,0.0,1.0,0.0,1.0,63.0,63.0,0.0
1052,KGZ,0,1,2,3,2008,0.0,0.0,1.0,1.0,22.0,22.0,0.0
1053,SRB,0,1,2,3,2008,nan,nan,nan,nan,97.0,97.0,0.0
1054,ALG,0,1,1,2,2008,1.0,1.0,3.0,5.0,57.0,57.0,0.0
1055,BAH,0,1,1,2,2008,1.0,0.0,1.0,2.0,33.0,33.0,0.0
1056,MAR,0,1,1,2,2008,2.0,1.0,0.0,3.0,49.0,49.0,0.0
1057,TJK,0,1,1,2,2008,nan,nan,nan,nan,16.0,16.0,0.0
1058,CHI,0,1,0,1,2008,2.0,0.0,1.0,3.0,29.0,29.0,0.0
1059,ECU,0,1,0,1,2008,1.0,0.0,0.0,1.0,26.0,26.0,0.0
1060,ISL,0,1,0,1,2008,0.0,0.0,1.0,1.0,31.0,31.0,0.0
1061,MAS,0,1,0,1,2008,0.0,1.0,1.0,2.0,42.0,42.0,0.0
1062,RSA,0,1,0,1,2008,1.0,3.0,2.0,6.0,179.0,179.0,0.0
1063,SAM,0,1,0,1,2008,nan,nan,nan,nan,7.0,7.0,0.0
1064,SGP,0,1,0,1,2008,0.0,1.0,0.0,1.0,36.0,36.0,0.0
1065,SUD,0,1,0,1,2008,nan,nan,nan,nan,9.0,9.0,0.0
1066,VIE,0,1,0,1,2008,0.0,1.0,0.0,1.0,18.0,18.0,0.0
1067,EGY,0,0,2,2,2008,1.0,1.0,3.0,5.0,116.0,116.0,0.0
1068,AFG,0,0,1,1,2008,nan,nan,nan,nan,4.0,4.0,0.0
1069,ISR,0,0,1,1,2008,1.0,0.0,1.0,2.0,60.0,60.0,0.0
1070,MDA,0,0,1,1,2008,0.0,1.0,1.0,2.0,30.0,30.0,0.0
1071,MRI,0,0,1,1,2008,nan,nan,nan,nan,11.0,11.0,0.0
1072,TOG,0,0,1,1,2008,nan,nan,nan,nan,4.0,4.0,0.0
1073,VEN,0,0,1,1,2008,0.0,0.0,2.0,2.0,126.0,126.0,0.0
1074,USA,48,26,30,104,2012,36.0,39.0,37.0,112.0,689.0,689.0,0.0
1075,CHN,39,31,22,92,2012,48.0,22.0,30.0,100.0,479.0,479.0,0.0
1076,GBR,29,18,18,65,2012,19.0,13.0,19.0,51.0,684.0,684.0,0.0
1077,RUS,18,21,26,65,2012,24.0,13.0,23.0,60.0,549.0,549.0,0.0
1078,KOR,13,9,9,31,2012,13.0,11.0,8.0,32.0,312.0,312.0,0.0
1079,GER,11,20,13,44,2012,16.0,11.0,14.0,41.0,510.0,510.0,0.0
1080,FRA,11,11,13,35,2012,7.0,16.0,20.0,43.0,426.0,426.0,0.0
1081,AUS,8,15,12,35,2012,14.0,15.0,17.0,46.0,514.0,514.0,0.0
1082,ITA,8,9,11,28,2012,8.0,9.0,10.0,27.0,382.0,382.0,0.0
1083,HUN,8,4,6,18,2012,3.0,5.0,2.0,10.0,201.0,201.0,0.0
1084,JPN,7,14,17,38,2012,9.0,8.0,8.0,25.0,399.0,399.0,0.0
1085,IRI,7,5,1,13,2012,1.0,0.0,1.0,2.0,57.0,57.0,0.0
1086,NED,6,6,8,20,2012,7.0,5.0,4.0,16.0,222.0,222.0,0.0
1087,NZL,6,2,5,13,2012,3.0,2.0,4.0,9.0,204.0,204.0,0.0
1088,UKR,5,4,10,19,2012,7.0,4.0,11.0,22.0,304.0,304.0,0.0
1089,CUB,5,3,7,15,2012,3.0,10.0,17.0,30.0,118.0,118.0,0.0
1090,ESP,4,10,6,20,2012,5.0,11.0,3.0,19.0,339.0,339.0,0.0
1091,JAM,4,5,4,13,2012,5.0,4.0,2.0,11.0,62.0,62.0,0.0
1092,CZE,4,4,3,11,2012,3.0,3.0,1.0,7.0,159.0,159.0,0.0
1093,RSA,4,1,1,6,2012,0.0,1.0,0.0,1.0,145.0,145.0,0.0
1094,PRK,4,0,2,6,2012,2.0,2.0,2.0,6.0,57.0,57.0,0.0
1095,BRA,3,5,9,17,2012,3.0,4.0,10.0,17.0,306.0,306.0,0.0
1096,KAZ,3,2,6,11,2012,2.0,3.0,4.0,9.0,132.0,132.0,0.0
1097,POL,3,2,6,11,2012,4.0,5.0,2.0,11.0,256.0,256.0,0.0
1098,ETH,3,2,3,8,2012,4.0,2.0,1.0,7.0,34.0,34.0,0.0
1099,CRO,3,1,2,6,2012,0.0,2.0,3.0,5.0,118.0,118.0,0.0
1100,CAN,2,6,10,18,2012,3.0,9.0,8.0,20.0,354.0,354.0,0.0
1101,BLR,2,5,3,10,2012,3.0,4.0,7.0,14.0,185.0,185.0,0.0
1102,KEN,2,4,7,13,2012,6.0,4.0,6.0,16.0,51.0,51.0,0.0
1103,DEN,2,4,3,9,2012,2.0,2.0,3.0,7.0,149.0,149.0,0.0
1104,ROU,2,4,1,7,2012,4.0,1.0,4.0,9.0,155.0,155.0,0.0
1105,AZE,2,2,5,9,2012,1.0,1.0,4.0,6.0,59.0,59.0,0.0
1106,SUI,2,2,0,4,2012,2.0,1.0,4.0,7.0,126.0,126.0,0.0
1107,NOR,2,1,1,4,2012,3.0,5.0,1.0,9.0,69.0,69.0,0.0
1108,LTU,2,0,3,5,2012,0.0,3.0,2.0,5.0,72.0,72.0,0.0
1109,TUN,2,0,1,3,2012,1.0,0.0,0.0,1.0,87.0,87.0,0.0
1110,SWE,1,4,3,8,2012,0.0,4.0,1.0,5.0,168.0,168.0,0.0
1111,COL,1,3,5,9,2012,0.0,2.0,1.0,3.0,120.0,120.0,0.0
1112,MEX,1,3,4,8,2012,2.0,0.0,2.0,4.0,119.0,119.0,0.0
1113,GEO,1,2,3,6,2012,3.0,2.0,2.0,7.0,36.0,36.0,0.0
1114,IRL,1,1,4,6,2012,0.0,1.0,2.0,3.0,76.0,76.0,0.0
1115,ARG,1,1,2,4,2012,2.0,0.0,4.0,6.0,148.0,148.0,0.0
1116,SLO,1,1,2,4,2012,1.0,2.0,2.0,5.0,78.0,78.0,0.0
1117,SRB,1,1,2,4,2012,0.0,1.0,2.0,3.0,134.0,134.0,0.0
1118,TTO,1,1,2,4,2012,1.0,1.0,0.0,2.0,38.0,38.0,0.0
1119,TUR,1,1,1,3,2012,1.0,1.0,3.0,5.0,119.0,119.0,0.0
1120,DOM,1,1,0,2,2012,1.0,1.0,0.0,2.0,36.0,36.0,0.0
1121,LAT,1,0,1,2,2012,1.0,1.0,1.0,3.0,50.0,50.0,0.0
1122,TPE,1,0,1,2,2012,1.0,1.0,2.0,4.0,55.0,55.0,0.0
1123,ALG,1,0,0,1,2012,0.0,1.0,1.0,2.0,39.0,39.0,0.0
1124,BAH,1,0,0,1,2012,0.0,1.0,1.0,2.0,29.0,29.0,0.0
1125,BRN,1,0,0,1,2012,nan,nan,nan,nan,14.0,14.0,0.0
1126,GRN,1,0,0,1,2012,nan,nan,nan,nan,8.0,8.0,0.0
1127,UGA,1,0,0,1,2012,0.0,0.0,1.0,1.0,16.0,16.0,0.0
1128,VEN,1,0,0,1,2012,0.0,0.0,1.0,1.0,85.0,85.0,0.0
1129,EGY,0,3,1,4,2012,0.0,0.0,2.0,2.0,132.0,132.0,0.0
1130,IND,0,2,4,6,2012,1.0,0.0,2.0,3.0,95.0,95.0,0.0
1131,MGL,0,2,3,5,2012,2.0,2.0,0.0,4.0,32.0,32.0,0.0
1132,THA,0,2,2,4,2012,2.0,2.0,2.0,6.0,43.0,43.0,0.0
1133,BUL,0,2,1,3,2012,1.0,1.0,3.0,5.0,75.0,75.0,0.0
1134,FIN,0,2,1,3,2012,1.0,1.0,2.0,4.0,69.0,69.0,0.0
1135,INA,0,2,1,3,2012,1.0,1.0,4.0,6.0,22.0,22.0,0.0
1136,SVK,0,1,3,4,2012,3.0,3.0,0.0,6.0,65.0,65.0,0.0
1137,BEL,0,1,2,3,2012,2.0,0.0,0.0,2.0,142.0,142.0,0.0
1138,ARM,0,1,1,2,2012,0.0,1.0,4.0,5.0,31.0,31.0,0.0
1139,EST,0,1,1,2,2012,1.0,1.0,0.0,2.0,36.0,36.0,0.0
1140,MAS,0,1,1,2,2012,0.0,1.0,0.0,1.0,38.0,38.0,0.0
1141,PUR,0,1,1,2,2012,0.0,0.0,1.0,1.0,28.0,28.0,0.0
1142,QAT,0,1,1,2,2012,0.0,0.0,1.0,1.0,14.0,14.0,0.0
1143,BOT,0,1,0,1,2012,nan,nan,nan,nan,4.0,4.0,0.0
1144,CYP,0,1,0,1,2012,nan,nan,nan,nan,13.0,13.0,0.0
1145,GAB,0,1,0,1,2012,nan,nan,nan,nan,21.0,21.0,0.0
1146,GUA,0,1,0,1,2012,nan,nan,nan,nan,24.0,24.0,0.0
1147,MNE,0,1,0,1,2012,nan,nan,nan,nan,34.0,34.0,0.0
1148,POR,0,1,0,1,2012,1.0,1.0,0.0,2.0,98.0,98.0,0.0
1149,UZB,0,0,3,3,2012,0.0,1.0,3.0,4.0,56.0,56.0,0.0
1150,GRE,0,0,2,2,2012,0.0,2.0,1.0,3.0,115.0,115.0,0.0
1151,SGP,0,0,2,2,2012,0.0,1.0,0.0,1.0,36.0,36.0,0.0
1152,AFG,0,0,1,1,2012,0.0,0.0,1.0,1.0,6.0,6.0,0.0
1153,CMR,0,0,1,1,2012,1.0,0.0,0.0,1.0,32.0,32.0,0.0
1154,HKG,0,0,1,1,2012,0.0,1.0,0.0,1.0,55.0,55.0,0.0
1155,KSA,0,0,1,1,2012,0.0,1.0,1.0,2.0,23.0,23.0,0.0
1156,KUW,0,0,1,1,2012,0.0,0.0,1.0,1.0,12.0,12.0,0.0
1157,MAR,0,0,1,1,2012,0.0,1.0,1.0,2.0,67.0,67.0,0.0
1158,TJK,0,0,1,1,2012,0.0,1.0,1.0,2.0,16.0,16.0,0.0
1159,VIE,0,0,1,1,2012,0.0,1.0,0.0,1.0,24.0,24.0,0.0
1160,USA,46,37,38,121,2016,48.0,26.0,30.0,104.0,719.0,719.0,0.0
1161,GBR,27,23,17,67,2016,29.0,18.0,18.0,65.0,478.0,478.0,0.0
1162,CHN,26,18,26,70,2016,39.0,31.0,22.0,92.0,499.0,499.0,0.0
1163,RUS,19,17,20,56,2016,18.0,21.0,26.0,65.0,406.0,406.0,0.0
1164,GER,17,10,15,42,2016,11.0,20.0,13.0,44.0,536.0,536.0,0.0
1165,JPN,12,8,21,41,2016,7.0,14.0,17.0,38.0,436.0,436.0,0.0
1166,FRA,10,18,14,42,2016,11.0,11.0,13.0,35.0,512.0,512.0,0.0
1167,KOR,9,3,9,21,2016,13.0,9.0,9.0,31.0,263.0,263.0,0.0
1168,ITA,8,12,8,28,2016,8.0,9.0,11.0,28.0,399.0,399.0,0.0
1169,AUS,8,11,10,29,2016,8.0,15.0,12.0,35.0,518.0,518.0,0.0
1170,NED,8,7,4,19,2016,6.0,6.0,8.0,20.0,329.0,329.0,0.0
1171,HUN,8,3,4,15,2016,8.0,4.0,6.0,18.0,204.0,204.0,0.0
1172,BRA,7,6,6,19,2016,3.0,5.0,9.0,17.0,583.0,583.0,0.0
1173,ESP,7,4,6,17,2016,4.0,10.0,6.0,20.0,363.0,363.0,0.0
1174,KEN,6,6,1,13,2016,2.0,4.0,7.0,13.0,80.0,80.0,0.0
1175,JAM,6,3,2,11,2016,4.0,5.0,4.0,13.0,77.0,77.0,0.0
1176,CRO,5,3,2,10,2016,3.0,1.0,2.0,6.0,93.0,93.0,0.0
1177,CUB,5,2,4,11,2016,5.0,3.0,7.0,15.0,143.0,143.0,0.0
1178,NZL,4,9,5,18,2016,6.0,2.0,5.0,13.0,232.0,232.0,0.0
1179,CAN,4,3,15,22,2016,2.0,6.0,10.0,18.0,405.0,405.0,0.0
1180,UZB,4,2,7,13,2016,0.0,0.0,3.0,3.0,80.0,80.0,0.0
1181,COL,3,2,3,8,2016,1.0,3.0,5.0,9.0,157.0,157.0,0.0
1182,SUI,3,2,2,7,2016,2.0,2.0,0.0,4.0,152.0,152.0,0.0
1183,IRI,3,1,4,8,2016,7.0,5.0,1.0,13.0,67.0,67.0,0.0
1184,GRE,3,1,2,6,2016,0.0,0.0,2.0,2.0,104.0,104.0,0.0
1185,ARG,3,1,0,4,2016,1.0,1.0,2.0,4.0,232.0,232.0,0.0
1186,DEN,2,6,7,15,2016,2.0,4.0,3.0,9.0,143.0,143.0,0.0
1187,SWE,2,6,3,11,2016,1.0,4.0,3.0,8.0,186.0,186.0,0.0
1188,RSA,2,6,2,10,2016,4.0,1.0,1.0,6.0,155.0,155.0,0.0
1189,KAZ,2,5,10,17,2016,3.0,2.0,6.0,11.0,123.0,123.0,0.0
1190,UKR,2,5,4,11,2016,5.0,4.0,10.0,19.0,272.0,272.0,0.0
1191,SRB,2,4,2,8,2016,1.0,1.0,2.0,4.0,127.0,127.0,0.0
1192,POL,2,3,6,11,2016,3.0,2.0,6.0,11.0,289.0,289.0,0.0
1193,PRK,2,3,2,7,2016,4.0,0.0,2.0,6.0,38.0,38.0,0.0
1194,BEL,2,2,2,6,2016,0.0,1.0,2.0,3.0,138.0,138.0,0.0
1195,THA,2,2,2,6,2016,0.0,2.0,2.0,4.0,58.0,58.0,0.0
1196,SVK,2,2,0,4,2016,0.0,1.0,3.0,4.0,63.0,63.0,0.0
1197,GEO,2,1,4,7,2016,1.0,2.0,3.0,6.0,45.0,45.0,0.0
1198,AZE,1,7,10,18,2016,2.0,2.0,5.0,9.0,69.0,69.0,0.0
1199,BLR,1,4,4,9,2016,2.0,5.0,3.0,10.0,142.0,142.0,0.0
1200,TUR,1,3,4,8,2016,1.0,1.0,1.0,3.0,119.0,119.0,0.0
1201,ARM,1,3,0,4,2016,0.0,1.0,1.0,2.0,34.0,34.0,0.0
1202,CZE,1,2,7,10,2016,4.0,4.0,3.0,11.0,135.0,135.0,0.0
1203,ETH,1,2,5,8,2016,3.0,2.0,3.0,8.0,38.0,38.0,0.0
1204,SLO,1,2,1,4,2016,1.0,1.0,2.0,4.0,70.0,70.0,0.0
1205,INA,1,2,0,3,2016,0.0,2.0,1.0,3.0,31.0,31.0,0.0
1206,ROU,1,1,2,4,2016,2.0,4.0,1.0,7.0,121.0,121.0,0.0
1207,BRN,1,1,0,2,2016,1.0,0.0,0.0,1.0,33.0,33.0,0.0
1208,VIE,1,1,0,2,2016,0.0,0.0,1.0,1.0,28.0,28.0,0.0
1209,TPE,1,0,2,3,2016,1.0,0.0,1.0,2.0,67.0,67.0,0.0
1210,BAH,1,0,1,2,2016,1.0,0.0,0.0,1.0,38.0,38.0,0.0
1211,CIV,1,0,1,2,2016,0.0,1.0,0.0,1.0,15.0,15.0,0.0
1212,FIJ,1,0,0,1,2016,nan,nan,nan,nan,53.0,53.0,0.0
1213,JOR,1,0,0,1,2016,nan,nan,nan,nan,8.0,8.0,0.0
1214,KOS,1,0,0,1,2016,nan,nan,nan,nan,8.0,8.0,0.0
1215,PUR,1,0,0,1,2016,0.0,1.0,1.0,2.0,41.0,41.0,0.0
1216,SGP,1,0,0,1,2016,0.0,0.0,2.0,2.0,32.0,32.0,0.0
1217,TJK,1,0,0,1,2016,0.0,0.0,1.0,1.0,7.0,7.0,0.0
1218,MAS,0,4,1,5,2016,0.0,1.0,1.0,2.0,42.0,42.0,0.0
1219,MEX,0,3,2,5,2016,1.0,3.0,4.0,8.0,139.0,139.0,0.0
1220,VEN,0,2,1,3,2016,1.0,0.0,0.0,1.0,105.0,105.0,0.0
1221,ALG,0,2,0,2,2016,1.0,0.0,0.0,1.0,74.0,74.0,0.0
1222,IRL,0,2,0,2,2016,1.0,1.0,4.0,6.0,93.0,93.0,0.0
1223,LTU,0,1,3,4,2016,2.0,0.0,3.0,5.0,80.0,80.0,0.0
1224,BUL,0,1,2,3,2016,0.0,2.0,1.0,3.0,58.0,58.0,0.0
1225,IND,0,1,1,2,2016,0.0,2.0,4.0,6.0,130.0,130.0,0.0
1226,MGL,0,1,1,2,2016,0.0,2.0,3.0,5.0,46.0,46.0,0.0
1227,BDI,0,1,0,1,2016,1.0,0.0,0.0,1.0,10.0,10.0,0.0
1228,GRN,0,1,0,1,2016,1.0,0.0,0.0,1.0,6.0,6.0,0.0
1229,NIG,0,1,0,1,2016,0.0,0.0,1.0,1.0,6.0,6.0,0.0
1230,PHI,0,1,0,1,2016,0.0,1.0,0.0,1.0,13.0,13.0,0.0
1231,QAT,0,1,0,1,2016,0.0,1.0,1.0,2.0,42.0,42.0,0.0
1232,NOR,0,0,4,4,2016,2.0,1.0,1.0,4.0,77.0,77.0,0.0
1233,EGY,0,0,3,3,2016,0.0,3.0,1.0,4.0,137.0,137.0,0.0
1234,TUN,0,0,3,3,2016,2.0,0.0,1.0,3.0,65.0,65.0,0.0
1235,ISR,0,0,2,2,2016,0.0,0.0,1.0,1.0,59.0,59.0,0.0
1236,AUT,0,0,1,1,2016,0.0,1.0,2.0,3.0,85.0,85.0,0.0
1237,DOM,0,0,1,1,2016,1.0,1.0,0.0,2.0,30.0,30.0,0.0
1238,EST,0,0,1,1,2016,0.0,1.0,1.0,2.0,49.0,49.0,0.0
1239,FIN,0,0,1,1,2016,0.0,2.0,1.0,3.0,67.0,67.0,0.0
1240,MAR,0,0,1,1,2016,0.0,0.0,1.0,1.0,52.0,52.0,0.0
1241,NGR,0,0,1,1,2016,0.0,3.0,2.0,5.0,77.0,77.0,0.0
1242,POR,0,0,1,1,2016,0.0,1.0,0.0,1.0,106.0,106.0,0.0
1243,TTO,0,0,1,1,2016,1.0,1.0,2.0,4.0,43.0,43.0,0.0
1244,UAE,0,0,1,1,2016,1.0,0.0,0.0,1.0,12.0,12.0,0.0
1245,USA,39,41,33,113,2020,46.0,37.0,38.0,121.0,856.0,856.0,0.0
1246,CHN,38,32,19,89,2020,26.0,18.0,26.0,70.0,574.0,574.0,0.0
1247,JPN,27,14,17,58,2020,12.0,8.0,21.0,41.0,787.0,787.0,0.0
1248,GBR,22,20,22,64,2020,27.0,23.0,17.0,67.0,548.0,548.0,0.0
1249,RUS,20,28,23,71,2020,19.0,17.0,20.0,56.0,561.0,561.0,0.0
1250,AUS,17,7,22,46,2020,8.0,11.0,10.0,29.0,638.0,638.0,0.0
1251,NED,10,12,14,36,2020,8.0,7.0,4.0,19.0,391.0,391.0,0.0
1252,FRA,10,12,11,33,2020,10.0,18.0,14.0,42.0,538.0,538.0,0.0
1253,GER,10,11,16,37,2020,17.0,10.0,15.0,42.0,597.0,597.0,0.0
1254,ITA,10,10,20,40,2020,8.0,12.0,8.0,28.0,524.0,524.0,0.0
1255,CAN,7,7,10,24,2020,4.0,3.0,15.0,22.0,509.0,509.0,0.0
1256,BRA,7,6,8,21,2020,7.0,6.0,6.0,19.0,416.0,416.0,0.0
1257,NZL,7,6,7,20,2020,4.0,9.0,5.0,18.0,279.0,279.0,0.0
1258,CUB,7,3,5,15,2020,5.0,2.0,4.0,11.0,82.0,82.0,0.0
1259,HUN,6,7,7,20,2020,8.0,3.0,4.0,15.0,237.0,237.0,0.0
1260,KOR,6,4,10,20,2020,9.0,3.0,9.0,21.0,338.0,338.0,0.0
1261,POL,4,5,5,14,2020,2.0,3.0,6.0,11.0,282.0,282.0,0.0
1262,CZE,4,4,3,11,2020,1.0,2.0,7.0,10.0,151.0,151.0,0.0
1263,KEN,4,4,2,10,2020,6.0,6.0,1.0,13.0,89.0,89.0,0.0
1264,NOR,4,2,2,8,2020,0.0,0.0,4.0,4.0,112.0,112.0,0.0
1265,JAM,4,1,4,9,2020,6.0,3.0,2.0,11.0,87.0,87.0,0.0
1266,ESP,3,8,6,17,2020,7.0,4.0,6.0,17.0,429.0,429.0,0.0
1267,SWE,3,6,0,9,2020,2.0,6.0,3.0,11.0,173.0,173.0,0.0
1268,SUI,3,4,6,13,2020,3.0,2.0,2.0,7.0,196.0,196.0,0.0
1269,DEN,3,4,4,11,2020,2.0,6.0,7.0,15.0,138.0,138.0,0.0
1270,CRO,3,3,2,8,2020,5.0,3.0,2.0,10.0,74.0,74.0,0.0
1271,IRI,3,2,2,7,2020,3.0,1.0,4.0,8.0,76.0,76.0,0.0
1272,SRB,3,1,5,9,2020,2.0,4.0,2.0,8.0,110.0,110.0,0.0
1273,BEL,3,1,3,7,2020,2.0,2.0,2.0,6.0,185.0,185.0,0.0
1274,BUL,3,1,2,6,2020,0.0,1.0,2.0,3.0,56.0,56.0,0.0
1275,SLO,3,1,1,5,2020,1.0,2.0,1.0,4.0,64.0,64.0,0.0
1276,UZB,3,0,2,5,2020,4.0,2.0,7.0,13.0,85.0,85.0,0.0
1277,GEO,2,5,1,8,2020,2.0,1.0,4.0,7.0,36.0,36.0,0.0
1278,TPE,2,4,6,12,2020,1.0,0.0,2.0,3.0,117.0,117.0,0.0
1279,TUR,2,2,9,13,2020,1.0,3.0,4.0,8.0,139.0,139.0,0.0
1280,GRE,2,1,1,4,2020,3.0,1.0,2.0,6.0,100.0,100.0,0.0
1281,UGA,2,1,1,4,2020,1.0,0.0,0.0,1.0,28.0,28.0,0.0
1282,ECU,2,1,0,3,2020,0.0,1.0,0.0,1.0,52.0,52.0,0.0
1283,IRL,2,0,2,4,2020,0.0,2.0,0.0,2.0,150.0,150.0,0.0
1284,ISR,2,0,2,4,2020,0.0,0.0,2.0,2.0,128.0,128.0,0.0
1285,QAT,2,0,1,3,2020,0.0,1.0,0.0,1.0,17.0,17.0,0.0
1286,BAH,2,0,0,2,2020,1.0,0.0,1.0,2.0,22.0,22.0,0.0
1287,KOS,2,0,0,2,2020,1.0,0.0,0.0,1.0,11.0,11.0,0.0
1288,UKR,1,6,12,19,2020,2.0,5.0,4.0,11.0,225.0,225.0,0.0
1289,BLR,1,3,3,7,2020,1.0,4.0,4.0,9.0,137.0,137.0,0.0
1290,ROU,1,3,0,4,2020,1.0,1.0,2.0,4.0,119.0,119.0,0.0
1291,VEN,1,3,0,4,2020,0.0,2.0,1.0,3.0,47.0,47.0,0.0
1292,IND,1,2,4,7,2020,0.0,1.0,1.0,2.0,151.0,151.0,0.0
1293,HKG,1,2,3,6,2020,0.0,0.0,1.0,1.0,65.0,65.0,0.0
1294,PHI,1,2,1,4,2020,0.0,1.0,0.0,1.0,27.0,27.0,0.0
1295,SVK,1,2,1,4,2020,2.0,2.0,0.0,4.0,56.0,56.0,0.0
1296,RSA,1,2,0,3,2020,2.0,6.0,2.0,10.0,211.0,211.0,0.0
1297,AUT,1,1,5,7,2020,0.0,0.0,1.0,1.0,103.0,103.0,0.0
1298,EGY,1,1,4,6,2020,0.0,0.0,3.0,3.0,195.0,195.0,0.0
1299,INA,1,1,3,5,2020,1.0,2.0,0.0,3.0,35.0,35.0,0.0
1300,ETH,1,1,2,4,2020,1.0,2.0,5.0,8.0,38.0,38.0,0.0
1301,POR,1,1,2,4,2020,0.0,0.0,1.0,1.0,113.0,113.0,0.0
1302,TUN,1,1,0,2,2020,0.0,0.0,3.0,3.0,73.0,73.0,0.0
1303,EST,1,0,1,2,2020,0.0,0.0,1.0,1.0,42.0,42.0,0.0
1304,FIJ,1,0,1,2,2020,1.0,0.0,0.0,1.0,32.0,32.0,0.0
1305,LAT,1,0,1,2,2020,1.0,0.0,1.0,2.0,38.0,38.0,0.0
1306,THA,1,0,1,2,2020,2.0,2.0,2.0,6.0,48.0,48.0,0.0
1307,BER,1,0,0,1,2020,0.0,0.0,1.0,1.0,2.0,2.0,0.0
1308,MAR,1,0,0,1,2020,0.0,0.0,1.0,1.0,51.0,51.0,0.0
1309,PUR,1,0,0,1,2020,1.0,0.0,0.0,1.0,39.0,39.0,0.0
1310,COL,0,4,1,5,2020,3.0,2.0,3.0,8.0,77.0,77.0,0.0
1311,AZE,0,3,4,7,2020,1.0,7.0,10.0,18.0,55.0,55.0,0.0
1312,DOM,0,3,2,5,2020,0.0,0.0,1.0,1.0,69.0,69.0,0.0
1313,ARM,0,2,2,4,2020,1.0,3.0,0.0,4.0,19.0,19.0,0.0
1314,KGZ,0,2,1,3,2020,0.0,1.0,2.0,3.0,17.0,17.0,0.0
1315,MGL,0,1,3,4,2020,0.0,1.0,1.0,2.0,61.0,61.0,0.0
1316,ARG,0,1,2,3,2020,3.0,1.0,0.0,4.0,208.0,208.0,0.0
1317,SMR,0,1,2,3,2020,nan,nan,nan,nan,8.0,8.0,0.0
1318,JOR,0,1,1,2,2020,1.0,0.0,0.0,1.0,15.0,15.0,0.0
1319,MAS,0,1,1,2,2020,0.0,4.0,1.0,5.0,47.0,47.0,0.0
1320,NGR,0,1,1,2,2020,0.0,0.0,1.0,1.0,68.0,68.0,0.0
1321,BRN,0,1,0,1,2020,1.0,1.0,0.0,2.0,33.0,33.0,0.0
1322,KSA,0,1,0,1,2020,0.0,0.0,1.0,1.0,33.0,33.0,0.0
1323,LTU,0,1,0,1,2020,0.0,1.0,3.0,4.0,59.0,59.0,0.0
1324,NAM,0,1,0,1,2020,0.0,2.0,0.0,2.0,11.0,11.0,0.0
1325,MKD,0,1,0,1,2020,0.0,0.0,1.0,1.0,8.0,8.0,0.0
1326,TKM,0,1,0,1,2020,nan,nan,nan,nan,10.0,10.0,0.0
1327,KAZ,0,0,8,8,2020,2.0,5.0,10.0,17.0,116.0,116.0,0.0
1328,MEX,0,0,4,4,2020,0.0,3.0,2.0,5.0,196.0,196.0,0.0
1329,FIN,0,0,2,2,2020,0.0,0.0,1.0,1.0,49.0,49.0,0.0
1330,BOT,0,0,1,1,2020,0.0,1.0,0.0,1.0,16.0,16.0,0.0
1331,BUR,0,0,1,1,2020,nan,nan,nan,nan,8.0,8.0,0.0
1332,CIV,0,0,1,1,2020,1.0,0.0,1.0,2.0,32.0,32.0,0.0
1333,GHA,0,0,1,1,2020,0.0,0.0,1.0,1.0,16.0,16.0,0.0
1334,GRN,0,0,1,1,2020,0.0,1.0,0.0,1.0,6.0,6.0,0.0
1335,KUW,0,0,1,1,2020,0.0,0.0,1.0,1.0,10.0,10.0,0.0
1336,MDA,0,0,1,1,2020,0.0,0.0,1.0,1.0,26.0,26.0,0.0
1337,SYR,0,0,1,1,2020,0.0,0.0,1.0,1.0,6.0,6.0,0.0
1338,USA,40,44,42,126,2024,39.0,41.0,33.0,113.0,854.0,854.0,0.0
1339,CHN,40,27,24,91,2024,38.0,32.0,19.0,89.0,587.0,587.0,0.0
1340,JPN,20,12,13,45,2024,27.0,14.0,17.0,58.0,598.0,598.0,0.0
1341,AUS,18,19,16,53,2024,17.0,7.0,22.0,46.0,649.0,649.0,0.0
1342,FRA,16,26,22,64,2024,10.0,12.0,11.0,33.0,801.0,801.0,0.0
1343,NED,15,7,12,34,2024,10.0,12.0,14.0,36.0,449.0,449.0,0.0
1344,GBR,14,22,29,65,2024,22.0,20.0,22.0,64.0,533.0,533.0,0.0
1345,KOR,13,9,10,32,2024,6.0,4.0,10.0,20.0,248.0,248.0,0.0
1346,ITA,12,13,15,40,2024,10.0,10.0,20.0,40.0,610.0,610.0,0.0
1347,GER,12,13,8,33,2024,10.0,11.0,16.0,37.0,647.0,647.0,0.0
1348,NZL,10,7,3,20,2024,7.0,6.0,7.0,20.0,253.0,253.0,0.0
1349,CAN,9,7,11,27,2024,7.0,7.0,10.0,24.0,538.0,538.0,0.0
1350,UZB,8,2,3,13,2024,3.0,0.0,2.0,5.0,119.0,119.0,0.0
1351,HUN,6,7,6,19,2024,6.0,7.0,7.0,20.0,255.0,255.0,0.0
1352,ESP,5,4,9,18,2024,3.0,8.0,6.0,17.0,526.0,526.0,0.0
1353,SWE,4,4,3,11,2024,3.0,6.0,0.0,9.0,173.0,173.0,0.0
1354,KEN,4,2,5,11,2024,4.0,4.0,2.0,10.0,77.0,77.0,0.0
1355,NOR,4,1,3,8,2024,4.0,2.0,2.0,8.0,128.0,128.0,0.0
1356,IRL,4,0,3,7,2024,2.0,0.0,2.0,4.0,185.0,185.0,0.0
1357,BRA,3,7,10,20,2024,7.0,6.0,8.0,21.0,401.0,401.0,0.0
1358,IRI,3,6,3,12,2024,3.0,2.0,2.0,7.0,46.0,46.0,0.0
1359,UKR,3,5,4,12,2024,1.0,6.0,12.0,19.0,212.0,212.0,0.0
1360,ROU,3,4,2,9,2024,1.0,3.0,0.0,4.0,144.0,144.0,0.0
1361,GEO,3,3,1,7,2024,2.0,5.0,1.0,8.0,38.0,38.0,0.0
1362,BEL,3,1,6,10,2024,3.0,1.0,3.0,7.0,240.0,240.0,0.0
1363,BUL,3,1,3,7,2024,3.0,1.0,2.0,6.0,61.0,61.0,0.0
1364,SRB,3,1,1,5,2024,3.0,1.0,5.0,9.0,135.0,135.0,0.0
1365,CZE,3,0,2,5,2024,4.0,4.0,3.0,11.0,149.0,149.0,0.0
1366,DEN,2,2,5,9,2024,3.0,4.0,4.0,11.0,161.0,161.0,0.0
1367,AZE,2,2,3,7,2024,0.0,3.0,4.0,7.0,49.0,49.0,0.0
1368,CRO,2,2,3,7,2024,3.0,3.0,2.0,8.0,85.0,85.0,0.0
1369,CUB,2,1,6,9,2024,7.0,3.0,5.0,15.0,69.0,69.0,0.0
1370,BRN,2,1,1,4,2024,0.0,1.0,0.0,1.0,15.0,15.0,0.0
1371,SLO,2,1,0,3,2024,3.0,1.0,1.0,5.0,117.0,117.0,0.0
1372,TPE,2,0,5,7,2024,2.0,4.0,6.0,12.0,78.0,78.0,0.0
1373,AUT,2,0,3,5,2024,1.0,1.0,5.0,7.0,121.0,121.0,0.0
1374,HKG,2,0,2,4,2024,1.0,2.0,3.0,6.0,51.0,51.0,0.0
1375,PHI,2,0,2,4,2024,1.0,2.0,1.0,4.0,44.0,44.0,0.0
1376,ALG,2,0,1,3,2024,0.0,2.0,0.0,2.0,55.0,55.0,0.0
1377,INA,2,0,1,3,2024,1.0,1.0,3.0,5.0,36.0,36.0,0.0
1378,ISR,1,5,1,7,2024,2.0,0.0,2.0,4.0,138.0,138.0,0.0
1379,POL,1,4,5,10,2024,4.0,5.0,5.0,14.0,312.0,312.0,0.0
1380,KAZ,1,3,3,7,2024,0.0,0.0,8.0,8.0,123.0,123.0,0.0
1381,JAM,1,3,2,6,2024,4.0,1.0,4.0,9.0,81.0,81.0,0.0
1382,RSA,1,3,2,6,2024,1.0,2.0,0.0,3.0,161.0,161.0,0.0
1383,THA,1,3,2,6,2024,1.0,0.0,1.0,2.0,58.0,58.0,0.0
1384,ETH,1,3,0,4,2024,1.0,1.0,2.0,4.0,35.0,35.0,0.0
1385,SUI,1,2,5,8,2024,3.0,4.0,6.0,13.0,218.0,218.0,0.0
1386,ECU,1,2,2,5,2024,2.0,1.0,0.0,3.0,47.0,47.0,0.0
1387,POR,1,2,1,4,2024,1.0,1.0,2.0,4.0,95.0,95.0,0.0
1388,GRE,1,1,6,8,2024,2.0,1.0,1.0,4.0,126.0,126.0,0.0
1389,ARG,1,1,1,3,2024,0.0,1.0,2.0,3.0,154.0,154.0,0.0
1390,EGY,1,1,1,3,2024,1.0,1.0,4.0,6.0,207.0,207.0,0.0
1391,TUN,1,1,1,3,2024,1.0,1.0,0.0,2.0,31.0,31.0,0.0
1392,BOT,1,1,0,2,2024,0.0,0.0,1.0,1.0,19.0,19.0,0.0
1393,CHI,1,1,0,2,2024,0.0,1.0,0.0,1.0,52.0,52.0,0.0
1394,LCA,1,1,0,2,2024,nan,nan,nan,nan,5.0,5.0,0.0
1395,UGA,1,1,0,2,2024,2.0,1.0,1.0,4.0,27.0,27.0,0.0
1396,DOM,1,0,2,3,2024,0.0,3.0,2.0,5.0,64.0,64.0,0.0
1397,GUA,1,0,1,2,2024,0.0,1.0,0.0,1.0,16.0,16.0,0.0
1398,MAR,1,0,1,2,2024,1.0,0.0,0.0,1.0,63.0,63.0,0.0
1399,DMA,1,0,0,1,2024,nan,nan,nan,nan,4.0,4.0,0.0
1400,PAK,1,0,0,1,2024,0.0,0.0,1.0,1.0,10.0,10.0,0.0
1401,TUR,0,3,5,8,2024,2.0,2.0,9.0,13.0,165.0,165.0,0.0
1402,MEX,0,3,2,5,2024,0.0,0.0,4.0,4.0,155.0,155.0,0.0
1403,ARM,0,3,1,4,2024,0.0,2.0,2.0,4.0,17.0,17.0,0.0
1404,COL,0,3,1,4,2024,0.0,4.0,1.0,5.0,105.0,105.0,0.0
1405,KGZ,0,2,4,6,2024,0.0,2.0,1.0,3.0,17.0,17.0,0.0
1406,PRK,0,2,4,6,2024,2.0,3.0,2.0,7.0,18.0,18.0,0.0
1407,LTU,0,2,2,4,2024,0.0,1.0,0.0,1.0,63.0,63.0,0.0
1408,IND,0,1,5,6,2024,1.0,2.0,4.0,7.0,138.0,138.0,0.0
1409,MDA,0,1,3,4,2024,0.0,0.0,1.0,1.0,30.0,30.0,0.0
1410,KOS,0,1,1,2,2024,2.0,0.0,0.0,2.0,9.0,9.0,0.0
1411,CYP,0,1,0,1,2024,0.0,1.0,0.0,1.0,23.0,23.0,0.0
1412,FIJ,0,1,0,1,2024,1.0,0.0,1.0,2.0,36.0,36.0,0.0
1413,JOR,0,1,0,1,2024,0.0,1.0,1.0,2.0,13.0,13.0,0.0
1414,MGL,0,1,0,1,2024,0.0,1.0,3.0,4.0,48.0,48.0,0.0
1415,PAN,0,1,0,1,2024,1.0,0.0,0.0,1.0,13.0,13.0,0.0
1416,TJK,0,0,3,3,2024,1.0,0.0,0.0,1.0,14.0,14.0,0.0
1417,ALB,0,0,2,2,2024,nan,nan,nan,nan,9.0,9.0,0.0
1418,GRN,0,0,2,2,2024,0.0,0.0,1.0,1.0,6.0,6.0,0.0
1419,MAS,0,0,2,2,2024,0.0,1.0,1.0,2.0,32.0,32.0,0.0
1420,PUR,0,0,2,2,2024,1.0,0.0,0.0,1.0,53.0,53.0,0.0
1421,CIV,0,0,1,1,2024,0.0,0.0,1.0,1.0,18.0,18.0,0.0
1422,CPV,0,0,1,1,2024,nan,nan,nan,nan,7.0,7.0,0.0
1423,EOR,0,0,1,1,2024,nan,nan,nan,nan,44.0,44.0,0.0
1424,PER,0,0,1,1,2024,0.0,1.0,0.0,1.0,32.0,32.0,0.0
1425,QAT,0,0,1,1,2024,2.0,0.0,1.0,3.0,13.0,13.0,0.0
1426,SGP,0,0,1,1,2024,1.0,0.0,0.0,1.0,32.0,32.0,0.0
1427,SVK,0,0,1,1,2024,1.0,2.0,1.0,4.0,38.0,38.0,0.0
1428,ZAM,0,0,1,1,2024,0.0,1.0,0.0,1.0,32.0,32.0,0.0
